,date,height_spline,sd_spline,x_3413_spline,y_3413_spline
0,2024-07-12 14:17:24.000000000,150.7600064287102,0.0713098845217553,-48311.40362466061,-3167075.3255681586
1,2024-07-12 14:27:24.438356224,150.71762667867014,0.05837637189109386,-48311.40112941823,-3167075.3171838652
2,2024-07-12 14:37:24.876712448,150.6752952568047,0.04074762878062192,-48311.39859565449,-3167075.3088247245
3,2024-07-12 14:47:25.315068416,150.6330126940099,0.04878054966539857,-48311.396024003334,-3167075.3004907067
4,2024-07-12 14:57:25.753424640,150.5907795211279,0.029581216280028386,-48311.39341509864,-3167075.2921817806
5,2024-07-12 15:07:26.191780864,150.5485962690546,0.022860135126037576,-48311.390769574326,-3167075.2838979177
6,2024-07-12 15:17:26.630137088,150.50646346866827,0.02791402923351203,-48311.38808806429,-3167075.275639088
7,2024-07-12 15:27:27.068493056,150.4643816508648,0.03271396712165062,-48311.38537120247,-3167075.2674052604
8,2024-07-12 15:37:27.506849280,150.4223513464864,0.035655857621192596,-48311.38261962272,-3167075.259196406
9,2024-07-12 15:47:27.945205504,150.38037308642913,0.04267028091350091,-48311.37983395899,-3167075.251012494
10,2024-07-12 15:57:28.383561728,150.33844740157096,0.0363211102605384,-48311.37701484517,-3167075.2428534958
11,2024-07-12 16:07:28.821917696,150.29657482280794,0.03687704085726354,-48311.37416291518,-3167075.2347193793
12,2024-07-12 16:17:29.260273920,150.2547558809823,0.04888810775600647,-48311.37127880291,-3167075.2266101185
13,2024-07-12 16:27:29.698630144,150.21299110699002,0.04548129876973806,-48311.36836314228,-3167075.2185256793
14,2024-07-12 16:37:30.136986368,150.17128103170927,0.036472106650864124,-48311.365416567176,-3167075.2104660347
15,2024-07-12 16:47:30.575342592,150.12962618601802,0.030552927980607773,-48311.362439711535,-3167075.202431152
16,2024-07-12 16:57:31.013698560,150.08802710081198,0.0290984734584215,-48311.35943320925,-3167075.194421004
17,2024-07-12 17:07:31.452054784,150.04648430693393,0.03420797039733116,-48311.35639769423,-3167075.186435559
18,2024-07-12 17:17:31.890411008,150.0049983352796,0.034938909295742615,-48311.35333380039,-3167075.1784747876
19,2024-07-12 17:27:32.328767232,149.963569716727,0.025394300479846005,-48311.35024216161,-3167075.170538659
20,2024-07-12 17:37:32.767123200,149.92219898217195,0.03679532320158855,-48311.34712341181,-3167075.1626271456
21,2024-07-12 17:47:33.205479424,149.88088666245716,0.043738221045560174,-48311.343978184916,-3167075.1547402167
22,2024-07-12 17:57:33.643835648,149.8396332884784,0.03303954156278989,-48311.34080711482,-3167075.1468778397
23,2024-07-12 18:07:34.082191872,149.7984393911137,0.032816518021397484,-48311.33761083543,-3167075.1390399886
24,2024-07-12 18:17:34.520547840,149.75730550125868,0.037672994876698083,-48311.33438998064,-3167075.13122663
25,2024-07-12 18:27:34.958904064,149.7162321497563,0.03621927027993207,-48311.33114518439,-3167075.123437737
26,2024-07-12 18:37:35.397260288,149.67521986750222,0.041998775934931516,-48311.327877080555,-3167075.115673278
27,2024-07-12 18:47:35.835616512,149.6342691853745,0.03188754753380782,-48311.32458630306,-3167075.107933223
28,2024-07-12 18:57:36.273972480,149.5933806342686,0.03809990827370172,-48311.3212734858,-3167075.100217542
29,2024-07-12 19:07:36.712328704,149.55255474502775,0.04909554825441222,-48311.317939262684,-3167075.0925262063
30,2024-07-12 19:17:37.150684928,149.51179204854748,0.03633839658978982,-48311.31458426765,-3167075.084859184
31,2024-07-12 19:27:37.589041152,149.47109307570588,0.02619895519208109,-48311.31120913456,-3167075.077216448
32,2024-07-12 19:37:38.027397376,149.43045835738093,0.031502583555991524,-48311.307814497326,-3167075.069597964
33,2024-07-12 19:47:38.465753344,149.38988842446804,0.04453074107314214,-48311.30440098989,-3167075.062003708
34,2024-07-12 19:57:38.904109568,149.3493838078107,0.042415678479328194,-48311.300969246135,-3167075.0544336447
35,2024-07-12 20:07:39.342465792,149.30894503830427,0.04022240368057012,-48311.29751989996,-3167075.046887747
36,2024-07-12 20:17:39.780822016,149.26857264682684,0.04730689725901594,-48311.2940535853,-3167075.039365985
37,2024-07-12 20:27:40.219177984,149.22826716427363,0.03430578346686396,-48311.29057093603,-3167075.0318683265
38,2024-07-12 20:37:40.657534208,149.18802912148837,0.035459471682762235,-48311.287072586085,-3167075.0243947445
39,2024-07-12 20:47:41.095890432,149.14785904936622,0.04111672299915578,-48311.283559169344,-3167075.016945207
40,2024-07-12 20:57:41.534246656,149.1077574787854,0.038055722935159506,-48311.28003131974,-3167075.009519686
41,2024-07-12 21:07:41.972602624,149.06772494064094,0.033661700213604984,-48311.27648967117,-3167075.002118149
42,2024-07-12 21:17:42.410958848,149.02776196577685,0.04100492931040438,-48311.272934857545,-3167074.994740568
43,2024-07-12 21:27:42.849315072,148.9878690850882,0.06002342689925581,-48311.26936751277,-3167074.987386912
44,2024-07-12 21:37:43.287671296,148.94804682945306,0.0738598545943146,-48311.26578827073,-3167074.9800571525
45,2024-07-12 21:47:43.726027520,148.9082957297496,0.07358512409782948,-48311.26219776234,-3167074.972751258
46,2024-07-12 21:57:44.164383488,148.86861631687265,0.040455332377955046,-48311.25859650018,-3167074.965469199
47,2024-07-12 22:07:44.602739712,148.82900912166656,0.04453760054403453,-48311.254984842846,-3167074.958210947
48,2024-07-12 22:17:45.041095936,148.7894746750263,0.05281472485366849,-48311.251363138705,-3167074.9509764696
49,2024-07-12 22:27:45.479452160,148.75001350782998,0.03600902308613449,-48311.247731736024,-3167074.943765739
50,2024-07-12 22:37:45.917808128,148.71062615097233,0.03782412455379264,-48311.24409098312,-3167074.9365787236
51,2024-07-12 22:47:46.356164352,148.67131313529794,0.048451683677471206,-48311.240441228314,-3167074.929415396
52,2024-07-12 22:57:46.794520576,148.63207499170164,0.0462164023311426,-48311.236782819906,-3167074.9222757225
53,2024-07-12 23:07:47.232876800,148.5929122510615,0.05171092973384751,-48311.23311610621,-3167074.9151596767
54,2024-07-12 23:17:47.671232768,148.55382544427223,0.04915069462779999,-48311.22944143555,-3167074.9080672273
55,2024-07-12 23:27:48.109588992,148.5148151021787,0.0466983531964499,-48311.2257591562,-3167074.9009983437
56,2024-07-12 23:37:48.547945216,148.47588175567546,0.054275284890853585,-48311.222069616495,-3167074.893952997
57,2024-07-12 23:47:48.986301440,148.4370259356407,0.029292863082945066,-48311.21837316474,-3167074.886931156
58,2024-07-12 23:57:49.424657408,148.39824817296898,0.04442444728131293,-48311.21467014925,-3167074.879932792
59,2024-07-13 00:07:49.863013632,148.3595489985053,0.06219319472800198,-48311.210960918324,-3167074.872957875
60,2024-07-13 00:17:50.301369856,148.32092894314425,0.04141005156053109,-48311.20724582029,-3167074.8660063753
61,2024-07-13 00:27:50.739726080,148.282388537764,0.025579709715151746,-48311.20352520342,-3167074.859078262
62,2024-07-13 00:37:51.178082304,148.2439283132425,0.050961888571448836,-48311.19979941606,-3167074.8521735054
63,2024-07-13 00:47:51.616438272,148.20554880047425,0.09947378759960696,-48311.196068806516,-3167074.8452920765
64,2024-07-13 00:57:52.054794496,148.16725053030456,0.09842315437168674,-48311.19233372307,-3167074.8384339437
65,2024-07-13 01:07:52.493150720,148.12903403362787,0.0973725211437665,-48311.18859451405,-3167074.8315990795
66,2024-07-13 01:17:52.931506944,148.09089984132228,0.09632188791584628,-48311.18485152777,-3167074.8247874514
67,2024-07-13 01:27:53.369862912,148.05284848428207,0.095271254688374,-48311.18110511256,-3167074.8179990305
68,2024-07-13 01:37:53.808219136,148.0148804933528,0.09422062146045378,-48311.17735561668,-3167074.8112337873
69,2024-07-13 01:47:54.246575360,147.97699639942883,0.09316998823253354,-48311.173603388466,-3167074.8044916918
70,2024-07-13 01:57:54.684931584,147.93919673338823,0.09211935500461332,-48311.169848776226,-3167074.797772713
71,2024-07-13 02:07:55.123287552,147.9014820261251,0.09106872177714104,-48311.16609212827,-3167074.791076823
72,2024-07-13 02:17:55.561643776,147.86385280848543,0.09001808854922082,-48311.16233379291,-3167074.78440399
73,2024-07-13 02:27:56.000000000,147.8263096113633,0.08896745532130058,-48311.15857411847,-3167074.7777541853
74,2024-07-13 02:37:56.438356224,147.78885296563683,0.08791682209338036,-48311.15481345322,-3167074.771127377
75,2024-07-13 02:47:56.876712448,147.75148340218405,0.08686618886546013,-48311.1510521455,-3167074.7645235383
76,2024-07-13 02:57:57.315068416,147.714201451899,0.08581555563798786,-48311.14729054361,-3167074.7579426374
77,2024-07-13 03:07:57.753424640,147.67700764562778,0.08476492241006763,-48311.14352899586,-3167074.7513846443
78,2024-07-13 03:17:58.191780864,147.63990251426452,0.0837142891821474,-48311.13976785056,-3167074.744849529
79,2024-07-13 03:27:58.630137088,147.60288658868728,0.08266365595422717,-48311.13600745602,-3167074.7383372616
80,2024-07-13 03:37:59.068493056,147.56596039978982,0.0816130227267549,-48311.13224816056,-3167074.731847813
81,2024-07-13 03:47:59.506849280,147.5291244784187,0.08056238949883468,-48311.12849031246,-3167074.7253811536
82,2024-07-13 03:57:59.945205504,147.49237935546788,0.07951175627091445,-48311.12473426007,-3167074.7189372513
83,2024-07-13 04:08:00.383561728,147.45572556181526,0.07846112304299423,-48311.12098035167,-3167074.7125160783
84,2024-07-13 04:18:00.821917696,147.41916362835454,0.07741048981552194,-48311.11722893558,-3167074.7061176035
85,2024-07-13 04:28:01.260273920,147.38269408593263,0.07635985658760172,-48311.1134803601,-3167074.6997417975
86,2024-07-13 04:38:01.698630144,147.3463174654432,0.07530922335968149,-48311.10973497356,-3167074.6933886306
87,2024-07-13 04:48:02.136986368,147.31003429776436,0.07425859013176127,-48311.10599312425,-3167074.6870580716
88,2024-07-13 04:58:02.575342592,147.27384511377414,0.07320795690384103,-48311.10225516049,-3167074.680750093
89,2024-07-13 05:08:03.013698560,147.23775044436593,0.07215732367636876,-48311.098521430584,-3167074.6744646616
90,2024-07-13 05:18:03.452054784,147.2017508203871,0.07110669044844853,-48311.094792282835,-3167074.66820175
91,2024-07-13 05:28:03.890411008,147.16584677273113,0.07005605722052831,-48311.09106806557,-3167074.6619613273
92,2024-07-13 05:38:04.328767232,147.13003883227603,0.06900542399260808,-48311.087349127105,-3167074.6557433642
93,2024-07-13 05:48:04.767123200,147.09432752991512,0.0679547907651358,-48311.083635815725,-3167074.64954783
94,2024-07-13 05:58:05.205479424,147.05871339649602,0.06690415753721557,-48311.07992847975,-3167074.6433746964
95,2024-07-13 06:08:05.643835648,147.02319696291204,0.06585352430929535,-48311.07622746747,-3167074.63722393
96,2024-07-13 06:18:06.082191872,146.98777876004118,0.06480289108137513,-48311.07253312723,-3167074.631095505
97,2024-07-13 06:28:06.520547840,146.95245931877668,0.06375225785390284,-48311.06884580733,-3167074.6249893885
98,2024-07-13 06:38:06.958904064,146.91723916996636,0.06270162462598261,-48311.065165856045,-3167074.618905552
99,2024-07-13 06:48:07.397260288,146.88211884450354,0.06165099139806239,-48311.06149362174,-3167074.612843965
100,2024-07-13 06:58:07.835616512,146.84709887326602,0.060600358170142164,-48311.057829452686,-3167074.6068045977
101,2024-07-13 07:08:08.273972480,146.81217978714704,0.059549724942669885,-48311.0541736972,-3167074.6007874203
102,2024-07-13 07:18:08.712328704,146.7773621169947,0.05849909171474966,-48311.050526703606,-3167074.5947924037
103,2024-07-13 07:28:09.150684928,146.74264639370207,0.05744845848682943,-48311.046888820194,-3167074.5888195164
104,2024-07-13 07:38:09.589041152,146.70803314814714,0.056397825258909205,-48311.043260395294,-3167074.5828687293
105,2024-07-13 07:48:10.027397376,146.67352291120807,0.05534719203098898,-48311.039641777184,-3167074.576940012
106,2024-07-13 07:58:10.465753344,146.63911621377747,0.0542965588035167,-48311.036033314216,-3167074.5710333358
107,2024-07-13 08:08:10.904109568,146.60481358670415,0.05324592557559647,-48311.03243535466,-3167074.5651486693
108,2024-07-13 08:18:11.342465792,146.5706155608809,0.052195292347676246,-48311.028848246846,-3167074.5592859825
109,2024-07-13 08:28:11.780822016,146.53652266718564,0.05114465911975602,-48311.02527233907,-3167074.5534452475
110,2024-07-13 08:38:12.219177984,146.5025354365111,0.05009402589228374,-48311.02170797967,-3167074.547626433
111,2024-07-13 08:48:12.657534208,146.46865439970625,0.049043392664363514,-48311.01815551694,-3167074.541829508
112,2024-07-13 08:58:13.095890432,146.43488008766366,0.04799275943644329,-48311.014615299166,-3167074.536054444
113,2024-07-13 09:08:13.534246656,146.40121303126153,0.04694212620852306,-48311.0110876747,-3167074.530301211
114,2024-07-13 09:18:13.972602624,146.36765376139212,0.04589149298105078,-48311.007572991824,-3167074.5245697796
115,2024-07-13 09:28:14.410958848,146.33420280890482,0.044840859753130555,-48311.00407159885,-3167074.5188601175
116,2024-07-13 09:38:14.849315072,146.30086070469216,0.04379022652521033,-48311.000583844085,-3167074.513172197
117,2024-07-13 09:48:15.287671296,146.26762797963212,0.04273959329729011,-48310.99711007585,-3167074.507505988
118,2024-07-13 09:58:15.726027520,146.2345051646028,0.04168896006936988,-48310.99365064246,-3167074.5018614605
119,2024-07-13 10:08:16.164383488,146.20149279049636,0.040638326841897596,-48310.9902058922,-3167074.4962385832
120,2024-07-13 10:18:16.602739712,146.16859138816264,0.039587693613977376,-48310.9867761734,-3167074.490637328
121,2024-07-13 10:28:17.041095936,146.1358014884939,0.03853706038605715,-48310.98336183435,-3167074.485057663
122,2024-07-13 10:38:17.479452160,146.10312362236814,0.03748642715813692,-48310.979963223384,-3167074.4794995603
123,2024-07-13 10:48:17.917808128,146.07055832067732,0.03643579393066464,-48310.97658068881,-3167074.4739629887
124,2024-07-13 10:58:18.356164352,146.0381061142717,0.03538516070274442,-48310.973214578924,-3167074.46844792
125,2024-07-13 11:08:18.794520576,146.00576753404331,0.03553279853846884,-48310.96986524203,-3167074.4629543214
126,2024-07-13 11:18:19.232876800,145.9735431108702,0.04827785612146738,-48310.966533026454,-3167074.4574821647
127,2024-07-13 11:28:19.671232768,145.94143337564415,0.03722298393440017,-48310.96321828049,-3167074.4520314205
128,2024-07-13 11:38:20.109588992,145.90943885921578,0.01756653538246752,-48310.95992135247,-3167074.446602058
129,2024-07-13 11:48:20.547945216,145.87756009247687,0.0349454451580787,-48310.95664259068,-3167074.441194047
130,2024-07-13 11:58:20.986301440,145.84579760630555,0.03516619330350996,-48310.95338234345,-3167074.435807358
131,2024-07-13 12:08:21.424657408,145.81415193159336,0.03059314964092739,-48310.95014095907,-3167074.4304419616
132,2024-07-13 12:18:21.863013632,145.7826235991913,0.03805035499806364,-48310.94691878585,-3167074.4250978273
133,2024-07-13 12:28:22.301369856,145.75121313999105,0.021665951544249176,-48310.94371617212,-3167074.419774926
134,2024-07-13 12:38:22.739726080,145.71992108487063,0.02011847831893895,-48310.940533466186,-3167074.414473226
135,2024-07-13 12:48:23.178082304,145.6887479647081,0.03444720636656143,-48310.93737101634,-3167074.4091926985
136,2024-07-13 12:58:23.616438272,145.65769431039482,0.03400964523210734,-48310.93422917089,-3167074.403933313
137,2024-07-13 13:08:24.054794496,145.6267606527823,0.02276507065555458,-48310.93110827818,-3167074.398695041
138,2024-07-13 13:18:24.493150720,145.5959475227619,0.026827670584138145,-48310.92800868647,-3167074.3934778506
139,2024-07-13 13:28:24.931506944,145.56525545121167,0.03313347330133816,-48310.92493074411,-3167074.388281714
140,2024-07-13 13:38:25.369862912,145.53468496902272,0.032493480295301407,-48310.9218747994,-3167074.383106599
141,2024-07-13 13:48:25.808219136,145.50423660704703,0.029204042622801445,-48310.91884120065,-3167074.377952479
142,2024-07-13 13:58:26.246575360,145.4739108961758,0.030845073941390577,-48310.91583029615,-3167074.3728193194
143,2024-07-13 14:08:26.684931584,145.44370836728703,0.09329314798696169,-48310.91284243423,-3167074.3677070946
144,2024-07-13 14:18:27.123287552,145.41362955127155,0.0867583487576882,-48310.9098779632,-3167074.362615772
145,2024-07-13 14:28:27.561643776,145.38367497898187,0.08118647012205332,-48310.906937231346,-3167074.3575453237
146,2024-07-13 14:38:28.000000000,145.35384518130886,0.0348433412699427,-48310.90402058701,-3167074.352495717
147,2024-07-13 14:48:28.438356224,145.32414068913062,0.03803647270747793,-48310.90112837848,-3167074.3474669238
148,2024-07-13 14:58:28.876712448,145.29456203332518,0.016168527151054487,-48310.89826095407,-3167074.342458915
149,2024-07-13 15:08:29.315068416,145.26510974478316,0.0180148608383786,-48310.89541866209,-3167074.337471659
150,2024-07-13 15:18:29.753424640,145.23578435435752,0.02542104334458603,-48310.892601850865,-3167074.3325051265
151,2024-07-13 15:28:30.191780864,145.20658639293893,0.03569176301866452,-48310.889810868684,-3167074.327559288
152,2024-07-13 15:38:30.630137088,145.1775163914054,0.036004885675256317,-48310.88704606385,-3167074.322634112
153,2024-07-13 15:48:31.068493056,145.1485748806112,0.01846874149807795,-48310.88430778459,-3167074.3177295714
154,2024-07-13 15:58:31.506849280,145.11976223283568,0.03703836840009379,-48310.88159589068,-3167074.312845634
155,2024-07-13 16:08:31.945205504,145.0910782982606,0.0474995709175097,-48310.87890863325,-3167074.30798227
156,2024-07-13 16:18:32.383561728,145.0625228197207,0.0358682557137302,-48310.87624393284,-3167074.30313945
157,2024-07-13 16:28:32.821917696,145.03409554006257,0.023647773421624975,-48310.87359970994,-3167074.2983171446
158,2024-07-13 16:38:33.260273920,145.0057962020966,0.020417589998388542,-48310.87097388507,-3167074.293515324
159,2024-07-13 16:48:33.698630144,144.9776245486695,0.018260010120817096,-48310.86836437869,-3167074.288733957
160,2024-07-13 16:58:34.136986368,144.94958032261587,0.02141709356052145,-48310.86576911134,-3167074.283973013
161,2024-07-13 17:08:34.575342592,144.92166326677034,0.030864507511399478,-48310.8631860035,-3167074.279232465
162,2024-07-13 17:18:35.013698560,144.8938731239793,0.03399497235248285,-48310.860612975695,-3167074.2745122802
163,2024-07-13 17:28:35.452054784,144.86620963705366,0.020336178972812976,-48310.858047948386,-3167074.269812431
164,2024-07-13 17:38:35.890411008,144.8386725488398,0.027298697508311313,-48310.855488842106,-3167074.265132885
165,2024-07-13 17:48:36.328767232,144.81126160217246,0.033917229967943247,-48310.85293357733,-3167074.260473614
166,2024-07-13 17:58:36.767123200,144.7839765398978,0.025792980707234514,-48310.85038007458,-3167074.2558345883
167,2024-07-13 18:08:37.205479424,144.756817104827,0.030260004881377423,-48310.847826254365,-3167074.2512157783
168,2024-07-13 18:18:37.643835648,144.72978303980653,0.02818715167440398,-48310.84527003716,-3167074.246617152
169,2024-07-13 18:28:38.082191872,144.7028740876709,0.026074900489284163,-48310.84270934346,-3167074.2420386802
170,2024-07-13 18:38:38.520547840,144.67608999126602,0.029476514029674508,-48310.84014209381,-3167074.2374803345
171,2024-07-13 18:48:38.958904064,144.6494304934037,0.02767217911733698,-48310.83756620868,-3167074.232942083
172,2024-07-13 18:58:39.397260288,144.6228953369301,0.020687775584757623,-48310.83497960857,-3167074.228423897
173,2024-07-13 19:08:39.835616512,144.59648426467962,0.016460303169110176,-48310.83238021398,-3167074.223925746
174,2024-07-13 19:18:40.273972480,144.57019701949812,0.02269397509212366,-48310.829765945404,-3167074.2194476016
175,2024-07-13 19:28:40.712328704,144.54403334419777,0.023156097122112158,-48310.82713472337,-3167074.2149894317
176,2024-07-13 19:38:41.150684928,144.5179929816244,0.02391385311024254,-48310.824484468365,-3167074.2105512074
177,2024-07-13 19:48:41.589041152,144.49207567461264,0.012068406503036725,-48310.821813100876,-3167074.206132898
178,2024-07-13 19:58:42.027397376,144.46628116599703,0.027167255562744907,-48310.819118541425,-3167074.201734475
179,2024-07-13 20:08:42.465753344,144.4406091986231,0.04579133316706041,-48310.816398722636,-3167074.1973559074
180,2024-07-13 20:18:42.904109568,144.41505951530357,0.04829868622732071,-48310.81365260532,-3167074.1929971655
181,2024-07-13 20:28:43.342465792,144.38963185888397,0.024028059901962367,-48310.81088094635,-3167074.1886582193
182,2024-07-13 20:38:43.780822016,144.3643259721989,0.0242752269792318,-48310.808084683355,-3167074.1843390386
183,2024-07-13 20:48:44.219177984,144.3391415980937,0.021241629725598322,-48310.80526475399,-3167074.1800395944
184,2024-07-13 20:58:44.657534208,144.31407847938152,0.027074815735037394,-48310.802422095905,-3167074.1757598566
185,2024-07-13 21:08:45.095890432,144.28913635890765,0.03295481962638982,-48310.79955764673,-3167074.1714997953
186,2024-07-13 21:18:45.534246656,144.26431497950665,0.03883482351774224,-48310.79667234413,-3167074.167259379
187,2024-07-13 21:28:45.972602624,144.2396140840237,0.0447148274065877,-48310.79376712575,-3167074.1630385807
188,2024-07-13 21:38:46.410958848,144.21503341527233,0.050594831297940124,-48310.79084292927,-3167074.158837367
189,2024-07-13 21:48:46.849315072,144.19057271609765,0.051675197932347365,-48310.78790069227,-3167074.154655711
190,2024-07-13 21:58:47.287671296,144.16623172933424,0.028948484853255855,-48310.78494135245,-3167074.150493581
191,2024-07-13 22:08:47.726027520,144.14201019781672,0.013872589171717782,-48310.78196584745,-3167074.146350947
192,2024-07-13 22:18:48.164383488,144.11790786439002,0.018299181968895566,-48310.77897511491,-3167074.14222778
193,2024-07-13 22:28:48.602739712,144.093924471868,0.018343734372900405,-48310.77597009251,-3167074.1381240506
194,2024-07-13 22:38:49.041095936,144.0700597630957,0.017614669067867097,-48310.77295171783,-3167074.134039726
195,2024-07-13 22:48:49.479452160,144.04631348090768,0.017352061298675902,-48310.76992092861,-3167074.1299747806
196,2024-07-13 22:58:49.917808128,144.02268536814853,0.017089453529596677,-48310.76687866243,-3167074.125929181
197,2024-07-13 23:08:50.356164352,143.99917516763276,0.01682684576040548,-48310.76382585695,-3167074.121902899
198,2024-07-13 23:18:50.794520576,143.97578262220506,0.01656423799121429,-48310.760763449834,-3167074.1178959035
199,2024-07-13 23:28:51.232876800,143.95250747469993,0.0163016302220231,-48310.757692378735,-3167074.113908166
200,2024-07-13 23:38:51.671232768,143.92934946796194,0.0161141522228191,-48310.75461358128,-3167074.1099396544
201,2024-07-13 23:48:52.109588992,143.90630834480586,0.016008278855846984,-48310.75152799515,-3167074.1059903414
202,2024-07-13 23:58:52.547945216,143.8833838480762,0.015902405488874873,-48310.74843655796,-3167074.102060195
203,2024-07-14 00:08:52.986301440,143.86057572060759,0.015796532121902757,-48310.74534020736,-3167074.0981491865
204,2024-07-14 00:18:53.424657408,143.8378837052442,0.015690658754975786,-48310.74223988103,-3167074.0942572863
205,2024-07-14 00:28:53.863013632,143.81530754480139,0.015584785388003671,-48310.7391365166,-3167074.0903844624
206,2024-07-14 00:38:54.301369856,143.7928469821233,0.015478912021031558,-48310.73603105171,-3167074.086530687
207,2024-07-14 00:48:54.739726080,143.77050176004465,0.015373038654059444,-48310.73292442404,-3167074.082695929
208,2024-07-14 00:58:55.178082304,143.7482716214,0.01526716528708733,-48310.729817571206,-3167074.078880159
209,2024-07-14 01:08:55.616438272,143.72615630903329,0.015161291920160358,-48310.72671143086,-3167074.0750833475
210,2024-07-14 01:18:56.054794496,143.7041555657603,0.015055418553188244,-48310.72360694067,-3167074.071305463
211,2024-07-14 01:28:56.493150720,143.6822691344251,0.014949545186216131,-48310.72050503826,-3167074.0675464766
212,2024-07-14 01:38:56.931506944,143.66049675786226,0.014843671819244017,-48310.717406661315,-3167074.0638063587
213,2024-07-14 01:48:57.369862912,143.6388381789156,0.014737798452317043,-48310.71431274743,-3167074.060085079
214,2024-07-14 01:58:57.808219136,143.6172931404012,0.01463192508534493,-48310.711224234314,-3167074.056382608
215,2024-07-14 02:08:58.246575360,143.59586138516298,0.014526051718372816,-48310.70814205958,-3167074.052698915
216,2024-07-14 02:18:58.684931584,143.5745426560355,0.014420178351400702,-48310.70506716088,-3167074.049033971
217,2024-07-14 02:28:59.123287552,143.55333669586236,0.01431430498447373,-48310.70200047586,-3167074.045387745
218,2024-07-14 02:38:59.561643776,143.53224324746003,0.014208431617501616,-48310.69894294218,-3167074.041760208
219,2024-07-14 02:49:00.000000000,143.51126205367228,0.014102558250529503,-48310.6958954975,-3167074.0381513294
220,2024-07-14 02:59:00.438356224,143.4903928573336,0.01399668488355739,-48310.692859079434,-3167074.034561079
221,2024-07-14 03:09:00.876712448,143.4696354012787,0.013890811516585276,-48310.689834625664,-3167074.0309894285
222,2024-07-14 03:19:01.315068416,143.4489894283508,0.013784938149658301,-48310.68682307381,-3167074.0274363463
223,2024-07-14 03:29:01.753424640,143.42845468136704,0.013679064782686188,-48310.68382536154,-3167074.0239018034
224,2024-07-14 03:39:02.191780864,143.40803090317073,0.013573191415714076,-48310.68084242651,-3167074.020385769
225,2024-07-14 03:49:02.630137088,143.38771783659652,0.01346731804874196,-48310.67787520635,-3167074.0168882147
226,2024-07-14 03:59:03.068493056,143.36751522448756,0.013361444681814988,-48310.67492463872,-3167074.0134091084
227,2024-07-14 04:09:03.506849280,143.34742280966128,0.013255571314842875,-48310.671991661264,-3167074.009948422
228,2024-07-14 04:19:03.945205504,143.32744033496084,0.013149697947870761,-48310.66907721164,-3167074.006506125
229,2024-07-14 04:29:04.383561728,143.30756754322084,0.013043824580898648,-48310.66618222748,-3167074.0030821874
230,2024-07-14 04:39:04.821917696,143.2878041772843,0.012937951213971673,-48310.66330764643,-3167073.9996765796
231,2024-07-14 04:49:05.260273920,143.2681499799689,0.01283207784699956,-48310.66045440616,-3167073.9962892714
232,2024-07-14 04:59:05.698630144,143.24860469411783,0.012726204480027446,-48310.65762344432,-3167073.992920232
233,2024-07-14 05:09:06.136986368,143.22916806256555,0.012620331113055334,-48310.65481569854,-3167073.989569433
234,2024-07-14 05:19:06.575342592,143.20983982814673,0.01251445774608322,-48310.65203210648,-3167073.9862368437
235,2024-07-14 05:29:07.013698560,143.19061973370404,0.012408584379156247,-48310.649273605784,-3167073.982922434
236,2024-07-14 05:39:07.452054784,143.17150752205583,0.012302711012184133,-48310.6465411341,-3167073.9796261746
237,2024-07-14 05:49:07.890411008,143.1525029360448,0.01219683764521202,-48310.64383562908,-3167073.9763480346
238,2024-07-14 05:59:08.328767232,143.13360571850558,0.012090964278239906,-48310.64115802839,-3167073.973087986
239,2024-07-14 06:09:08.767123200,143.11481561228072,0.011985090911312932,-48310.63850926964,-3167073.9698459962
240,2024-07-14 06:19:09.205479424,143.09613236018885,0.01187921754434082,-48310.635890290505,-3167073.9666220383
241,2024-07-14 06:29:09.643835648,143.07755570507254,0.011773344177368705,-48310.633302028626,-3167073.963416079
242,2024-07-14 06:39:10.082191872,143.05908538976638,0.011667470810396593,-48310.63074542166,-3167073.9602280906
243,2024-07-14 06:49:10.520547840,143.04072115711287,0.011561597443469619,-48310.62822140726,-3167073.9570580428
244,2024-07-14 06:59:10.958904064,143.02246274993084,0.011455724076497505,-48310.625730923064,-3167073.953905906
245,2024-07-14 07:09:11.397260288,143.0043099110628,0.011349850709525391,-48310.6232749067,-3167073.9507716494
246,2024-07-14 07:19:11.835616512,142.98626238334327,0.011243977342553278,-48310.620854295856,-3167073.947655243
247,2024-07-14 07:29:12.273972480,142.96831990961454,0.011138103975626305,-48310.618470028174,-3167073.9445566577
248,2024-07-14 07:39:12.712328704,142.95048223269586,0.01103223060865419,-48310.61612304127,-3167073.941475864
249,2024-07-14 07:49:13.150684928,142.93274909542956,0.010926357241682078,-48310.61381427282,-3167073.938412831
250,2024-07-14 07:59:13.589041152,142.9151202406501,0.010820483874709963,-48310.61154466048,-3167073.9353675283
251,2024-07-14 08:09:14.027397376,142.89759541119227,0.010714610507737851,-48310.60931514189,-3167073.9323399267
252,2024-07-14 08:19:14.465753344,142.8801743498979,0.010608737140810877,-48310.607126654686,-3167073.9293299974
253,2024-07-14 08:29:14.904109568,142.86285679958684,0.010502863773838763,-48310.60498013654,-3167073.9263377087
254,2024-07-14 08:39:15.342465792,142.8456425031011,0.01039699040686665,-48310.602876525074,-3167073.9233630304
255,2024-07-14 08:49:15.780822016,142.82853120327516,0.010291117039894536,-48310.60081675796,-3167073.920405934
256,2024-07-14 08:59:16.219177984,142.81152264295102,0.010185243672967564,-48310.59880177283,-3167073.9174663895
257,2024-07-14 09:09:16.657534208,142.79461656494865,0.010079370305995448,-48310.59683250735,-3167073.914544367
258,2024-07-14 09:19:17.095890432,142.77781271210998,0.009973496939023337,-48310.59490989915,-3167073.911639835
259,2024-07-14 09:29:17.534246656,142.7611108272696,0.009867623572051221,-48310.5930348859,-3167073.9087527655
260,2024-07-14 09:39:17.972602624,142.74451065326915,0.009761750205124249,-48310.59120840522,-3167073.905883127
261,2024-07-14 09:49:18.410958848,142.72801193292906,0.009655876838152135,-48310.58943139478,-3167073.9030308905
262,2024-07-14 09:59:18.849315072,142.711614409091,0.009550003471180022,-48310.587704792226,-3167073.900196026
263,2024-07-14 10:09:19.287671296,142.6953178245896,0.011280638049257526,-48310.58602953522,-3167073.897378504
264,2024-07-14 10:19:19.726027520,142.6791219222595,0.014389291600035915,-48310.584406561386,-3167073.8945782934
265,2024-07-14 10:29:20.164383488,142.663026444942,0.017497945149488915,-48310.582836808375,-3167073.891795365
266,2024-07-14 10:39:20.602739712,142.6470311354581,0.020606598700267306,-48310.58132121386,-3167073.8890296887
267,2024-07-14 10:49:21.041095936,142.6311357366492,0.023715252251045697,-48310.57986071547,-3167073.886281235
268,2024-07-14 10:59:21.479452160,142.6153399913499,0.026233289281296642,-48310.57845625085,-3167073.8835499734
269,2024-07-14 11:09:21.917808128,142.59964364240156,0.022913797806638554,-48310.57710875766,-3167073.880835875
270,2024-07-14 11:19:22.356164352,142.58404643262526,0.02320717655873442,-48310.57581917355,-3167073.8781389087
271,2024-07-14 11:29:22.794520576,142.5685481048624,0.021094354627461433,-48310.57458843615,-3167073.875459044
272,2024-07-14 11:39:23.232876800,142.55314840194748,0.028420342531824003,-48310.573417483145,-3167073.872796253
273,2024-07-14 11:49:23.671232768,142.53784706672167,0.09090785030587183,-48310.57230725215,-3167073.870150504
274,2024-07-14 11:59:24.109588992,142.52264384200652,0.09350718251172589,-48310.57125868082,-3167073.8675217684
275,2024-07-14 12:09:24.547945216,142.50753847064314,0.09610651471757997,-48310.57027270682,-3167073.8649100154
276,2024-07-14 12:19:24.986301440,142.4925306954661,0.09870584692343404,-48310.56935026779,-3167073.862315215
277,2024-07-14 12:29:25.424657408,142.47762025931638,0.013597255872168347,-48310.568492301376,-3167073.859737338
278,2024-07-14 12:39:25.863013632,142.46280690501587,0.010823027038896383,-48310.567699745225,-3167073.8571763546
279,2024-07-14 12:49:26.301369856,142.4480903754055,0.009258449734037078,-48310.56697353699,-3167073.854632234
280,2024-07-14 12:59:26.739726080,142.43347041331987,0.029932780444287967,-48310.566314614305,-3167073.852104946
281,2024-07-14 13:09:27.178082304,142.4189467615936,0.02805344254400194,-48310.56572391484,-3167073.849594462
282,2024-07-14 13:19:27.616438272,142.40451916306733,0.024880888108345826,-48310.56520237625,-3167073.8471007515
283,2024-07-14 13:29:28.054794496,142.3901873605635,0.03337740585664065,-48310.564750936166,-3167073.844623784
284,2024-07-14 13:39:28.493150720,142.37595109692273,0.02682765881005094,-48310.56437053224,-3167073.84216353
285,2024-07-14 13:49:28.931506944,142.3618101149797,0.02644814696039866,-48310.564062102116,-3167073.8397199595
286,2024-07-14 13:59:29.369862912,142.34776415757494,0.024506184842881428,-48310.56382658345,-3167073.8372930437
287,2024-07-14 14:09:29.808219136,142.33381296753112,0.013892622447715325,-48310.56366491389,-3167073.834882751
288,2024-07-14 14:19:30.246575360,142.31995642012748,0.011017722406567884,-48310.563574988046,-3167073.8324890523
289,2024-07-14 14:29:30.684931584,142.30619612194997,0.011289335037080529,-48310.56351492038,-3167073.8301119176
290,2024-07-14 14:39:31.123287552,142.29253489489824,0.023925908626112522,-48310.56341490131,-3167073.827751317
291,2024-07-14 14:49:31.561643776,142.27897558602376,0.03372065569692194,-48310.56320454297,-3167073.82540722
292,2024-07-14 14:59:32.000000000,142.26552104239548,0.02278803616930747,-48310.56281345745,-3167073.823079597
293,2024-07-14 15:09:32.438356224,142.25217411107653,0.011154545336814104,-48310.562171256934,-3167073.820768418
294,2024-07-14 15:19:32.876712448,142.23893763912986,0.01737087089906117,-48310.56120755352,-3167073.8184736543
295,2024-07-14 15:29:33.315068416,142.22581447362433,0.014975104648633839,-48310.559851959326,-3167073.8161952747
296,2024-07-14 15:39:33.753424640,142.2128074616118,0.012507826666714109,-48310.55803408648,-3167073.8139332486
297,2024-07-14 15:49:34.191780864,142.19991945016093,0.012934631368241129,-48310.55568354713,-3167073.8116875477
298,2024-07-14 15:59:34.630137088,142.18715328633485,0.023522157869001303,-48310.55272995338,-3167073.809458142
299,2024-07-14 16:09:35.068493056,142.17451181720202,0.026393615563662372,-48310.54910291736,-3167073.8072450007
300,2024-07-14 16:19:35.506849280,142.16199788981478,0.01885498454864044,-48310.5447320512,-3167073.805048093
301,2024-07-14 16:29:35.945205504,142.14961435124164,0.010428182151545956,-48310.53954696705,-3167073.802867391
302,2024-07-14 16:39:36.383561728,142.1373640485457,0.01016554785880106,-48310.533477276986,-3167073.800702864
303,2024-07-14 16:49:36.821917696,142.1252498287952,0.016162552113206066,-48310.526452593156,-3167073.7985544824
304,2024-07-14 16:59:37.260273920,142.11327453904286,0.023357477053145868,-48310.518402527705,-3167073.796422215
305,2024-07-14 17:09:37.698630144,142.10144102635704,0.033058083329679105,-48310.509256692734,-3167073.7943060324
306,2024-07-14 17:19:38.136986368,142.08975213780082,0.031003462397199213,-48310.49894470039,-3167073.7922059055
307,2024-07-14 17:29:38.575342592,142.0782107204373,0.014918730541514031,-48310.48739616279,-3167073.790121804
308,2024-07-14 17:39:39.013698560,142.06681962133442,0.01287276117666154,-48310.47454069204,-3167073.788053698
309,2024-07-14 17:49:39.452054784,142.05558168754553,0.011501663438131289,-48310.46030790031,-3167073.7860015566
310,2024-07-14 17:59:39.890411008,142.0444997188156,0.0075995987753202975,-48310.4446773836,-3167073.7839653515
311,2024-07-14 18:09:40.328767232,142.0335749874714,0.011100117481151086,-48310.429242031925,-3167073.7819450516
312,2024-07-14 18:19:40.767123200,142.0228069455141,0.018597356985872098,-48310.41751741646,-3167073.779940627
313,2024-07-14 18:29:41.205479424,142.0121949384583,0.018184419310322553,-48310.41327547526,-3167073.777952049
314,2024-07-14 18:39:41.643835648,142.00173831183258,0.02187849979385778,-48310.4220241504,-3167073.775979287
315,2024-07-14 18:49:42.082191872,141.99143641116092,0.019745519167895822,-48310.45042208329,-3167073.7740223096
316,2024-07-14 18:59:42.520547840,141.98128858197154,0.025197011233508176,-48310.50482275053,-3167073.7720810897
317,2024-07-14 19:09:42.958904064,141.9712941697797,0.0281458654293008,-48310.589717145085,-3167073.7701555933
318,2024-07-14 19:19:43.397260288,141.9614525201137,0.021200725187664103,-48310.70893546002,-3167073.7682457953
319,2024-07-14 19:29:43.835616512,141.9517629784975,0.013971134115758392,-48310.86593821002,-3167073.7663516626
320,2024-07-14 19:39:44.273972480,141.94222489045904,0.008048921054252032,-48311.05842516298,-3167073.7644731663
321,2024-07-14 19:49:44.712328704,141.93283760151417,0.007553560619957823,-48311.279534883884,-3167073.762610276
322,2024-07-14 19:59:45.150684928,141.92360045719087,0.0070582001856636135,-48311.52228105754,-3167073.7607629625
323,2024-07-14 20:09:45.589041152,141.91451280301314,0.006562839751369405,-48311.77967736875,-3167073.7589311954
324,2024-07-14 20:19:46.027397376,141.90557398450485,0.006067479317075197,-48312.04473750238,-3167073.757114945
325,2024-07-14 20:29:46.465753344,141.8967833471937,0.005572118882992187,-48312.31047514316,-3167073.75531418
326,2024-07-14 20:39:46.904109568,141.88814023659614,0.005076758448697979,-48312.56990397615,-3167073.753528873
327,2024-07-14 20:49:47.342465792,141.8796439982398,0.004581398014403769,-48312.81603768611,-3167073.7517589927
328,2024-07-14 20:59:47.780822016,141.87129397764872,0.004086037580109561,-48313.04188995785,-3167073.750004508
329,2024-07-14 21:09:48.219177984,141.86308952035026,0.0035906771460265515,-48313.24047447615,-3167073.748265392
330,2024-07-14 21:19:48.657534208,141.8550299718613,0.028997547506546956,-48313.404804926045,-3167073.746541612
331,2024-07-14 21:29:49.095890432,141.8471146777095,0.06013421831741971,-48313.52789499226,-3167073.744833139
332,2024-07-14 21:39:49.534246656,141.83934298341856,0.06708008877391079,-48313.60288894711,-3167073.7431399426
333,2024-07-14 21:49:49.972602624,141.83171423451577,0.05389395665569679,-48313.62779649886,-3167073.7414619946
334,2024-07-14 21:59:50.410958848,141.82422777651854,0.04070782453186081,-48313.606828217315,-3167073.739799263
335,2024-07-14 22:09:50.849315072,141.81688295495408,0.03160309993014785,-48313.54459727932,-3167073.7381517193
336,2024-07-14 22:19:51.287671296,141.80967911534634,0.03042187878922834,-48313.445716861825,-3167073.736519333
337,2024-07-14 22:29:51.726027520,141.80261560321927,0.028274506840987722,-48313.314800141685,-3167073.7349020746
338,2024-07-14 22:39:52.164383488,141.7956917640997,0.026127134893662644,-48313.1564602959,-3167073.7332999124
339,2024-07-14 22:49:52.602739712,141.78890694350565,0.023979762945422024,-48312.975310501206,-3167073.731712819
340,2024-07-14 22:59:53.041095936,141.78226048696408,0.021832390997181407,-48312.77596393459,-3167073.7301407633
341,2024-07-14 23:09:53.479452160,141.7757517399989,0.019685019048940787,-48312.56303377293,-3167073.728583715
342,2024-07-14 23:19:53.917808128,141.76938004813672,0.01753764710161571,-48312.341133193244,-3167073.7270416445
343,2024-07-14 23:29:54.356164352,141.76314475689608,0.015390275153375089,-48312.11487537221,-3167073.725514522
344,2024-07-14 23:39:54.794520576,141.75704521180367,0.013242903205134469,-48311.88887348683,-3167073.7240023185
345,2024-07-14 23:49:55.232876800,141.75108075838338,0.011956234498124964,-48311.66774071402,-3167073.7225050014
346,2024-07-14 23:59:55.671232768,141.74525074216163,0.013163840588626002,-48311.45609023076,-3167073.7210225435
347,2024-07-15 00:09:56.109588992,141.73955450865736,0.014371446679641907,-48311.258535213754,-3167073.719554914
348,2024-07-15 00:19:56.547945216,141.73399140339708,0.019406583173046686,-48311.079420579284,-3167073.718102083
349,2024-07-15 00:29:56.986301440,141.7285607719047,0.04129786062816641,-48310.92112127361,-3167073.716664019
350,2024-07-15 00:39:57.424657408,141.72326195970635,0.06318913807395268,-48310.78513422047,-3167073.715240695
351,2024-07-15 00:49:57.863013632,141.71809431232148,0.08508041552907242,-48310.672952306115,-3167073.7138320785
352,2024-07-15 00:59:58.301369856,141.71305717527633,0.07041722582747922,-48310.5854570428,-3167073.712438142
353,2024-07-15 01:09:58.739726080,141.7081498940948,0.06425520008145648,-48310.51976943679,-3167073.711058853
354,2024-07-15 01:19:59.178082304,141.70337181430085,0.05267225487529743,-48310.47158176758,-3167073.709694183
355,2024-07-15 01:29:59.616438272,141.6987222814204,0.04108930967407684,-48310.43658355741,-3167073.708344101
356,2024-07-15 01:40:00.054794496,141.69420064097332,0.037940267311045245,-48310.41046432844,-3167073.7070085793
357,2024-07-15 01:50:00.493150720,141.6898062384857,0.03440640420257582,-48310.38897877757,-3167073.7056875867
358,2024-07-15 02:00:00.931506944,141.68553841948133,0.04286373689443399,-48310.36977988614,-3167073.704381093
359,2024-07-15 02:10:01.369862912,141.68139652948605,0.0466228220743065,-48310.3526714308,-3167073.7030890677
360,2024-07-15 02:20:01.808219136,141.67737991402012,0.05004821739156736,-48310.33757311204,-3167073.701811482
361,2024-07-15 02:30:02.246575360,141.6734879186093,0.04871027607288645,-48310.3244046303,-3167073.7005483056
362,2024-07-15 02:40:02.684931584,141.66971988877756,0.04737233475420554,-48310.31308568608,-3167073.6992995087
363,2024-07-15 02:50:03.123287552,141.6660751700504,0.04603439343609507,-48310.303535979874,-3167073.698065061
364,2024-07-15 03:00:03.561643776,141.66255310794853,0.04469645211741416,-48310.29567521213,-3167073.6968449326
365,2024-07-15 03:10:04.000000000,141.65915304799762,0.04335851079873324,-48310.28942308336,-3167073.695639095
366,2024-07-15 03:20:04.438356224,141.65587433572145,0.04202056948005233,-48310.28469929402,-3167073.694447516
367,2024-07-15 03:30:04.876712448,141.65271631664407,0.04068262816137142,-48310.2814235446,-3167073.6932701664
368,2024-07-15 03:40:05.315068416,141.64967833629063,0.03934468684326095,-48310.279515535556,-3167073.6921070176
369,2024-07-15 03:50:05.753424640,141.64675974018255,0.03800674552458004,-48310.27889496741,-3167073.690958038
370,2024-07-15 04:00:06.191780864,141.64395987384498,0.03666880420589913,-48310.27948154061,-3167073.6898232
371,2024-07-15 04:10:06.630137088,141.64127808280193,0.03533086288721822,-48310.28119495563,-3167073.6887024697
372,2024-07-15 04:20:07.068493056,141.63871371257838,0.03399292156910774,-48310.28395491298,-3167073.687595821
373,2024-07-15 04:30:07.506849280,141.6362661086961,0.03265498025042683,-48310.28768111312,-3167073.6865032213
374,2024-07-15 04:40:07.945205504,141.6339346166801,0.03131703893174592,-48310.29229325651,-3167073.685424643
375,2024-07-15 04:50:08.383561728,141.63171858205436,0.029979097613065015,-48310.29771104366,-3167073.684360055
376,2024-07-15 05:00:08.821917696,141.6296173503437,0.028641156294954544,-48310.30385417504,-3167073.6833094265
377,2024-07-15 05:10:09.260273920,141.62763026707023,0.027303214976273634,-48310.31064235113,-3167073.6822727295
378,2024-07-15 05:20:09.698630144,141.62575667775886,0.025965273657592724,-48310.3179952724,-3167073.6812499324
379,2024-07-15 05:30:10.136986368,141.62399592793344,0.024627332338911814,-48310.32583263934,-3167073.680241007
380,2024-07-15 05:40:10.575342592,141.62234736311794,0.0232893910202309,-48310.33407415242,-3167073.679245921
381,2024-07-15 05:50:11.013698560,141.62081032883694,0.02195144970212043,-48310.34263951212,-3167073.6782646463
382,2024-07-15 06:00:11.452054784,141.61938417061307,0.02061350838343952,-48310.351448418936,-3167073.6772971526
383,2024-07-15 06:10:11.890411008,141.61806823397097,0.01927556706475861,-48310.36042057332,-3167073.67634341
384,2024-07-15 06:20:12.328767232,141.61686186443453,0.0179376257460777,-48310.369475675776,-3167073.6754033878
385,2024-07-15 06:30:12.767123200,141.61576440752813,0.016599684427967228,-48310.37853342676,-3167073.6744770575
386,2024-07-15 06:40:13.205479424,141.61477520877486,0.015261743109286317,-48310.387513526766,-3167073.6735643875
387,2024-07-15 06:50:13.643835648,141.613893613699,0.013923801790605407,-48310.39633567629,-3167073.672665349
388,2024-07-15 07:00:14.082191872,141.6131189678246,0.012585860471924497,-48310.404919575776,-3167073.671779912
389,2024-07-15 07:10:14.520547840,141.61245061667583,0.01124791915381402,-48310.41318492572,-3167073.670908047
390,2024-07-15 07:20:14.958904064,141.61188790577603,0.009909977835133109,-48310.42105142659,-3167073.6700497223
391,2024-07-15 07:30:15.397260288,141.6114301806495,0.010958707269592497,-48310.42843877889,-3167073.6692049103
392,2024-07-15 07:40:15.835616512,141.6110767868201,0.012466412394444801,-48310.43526668307,-3167073.668373579
393,2024-07-15 07:50:16.273972480,141.61082706981193,0.013974117518654287,-48310.44145483963,-3167073.6675557
394,2024-07-15 08:00:16.712328704,141.6106803751487,0.015481822643506593,-48310.446922949035,-3167073.666751242
395,2024-07-15 08:10:17.150684928,141.61063604835442,0.016989527768358895,-48310.45159071179,-3167073.6659601764
396,2024-07-15 08:20:17.589041152,141.61069343495305,0.018497232893211202,-48310.455377828344,-3167073.665182473
397,2024-07-15 08:30:18.027397376,141.61085188046857,0.020004938018063505,-48310.45820399919,-3167073.664418101
398,2024-07-15 08:40:18.465753344,141.6111107304247,0.02151264314227299,-48310.45998892479,-3167073.6636670316
399,2024-07-15 08:50:18.904109568,141.6114693303457,0.022535964630427306,-48310.460652305665,-3167073.662929233
400,2024-07-15 09:00:19.342465792,141.61192702575534,0.022535964630427306,-48310.46011438277,-3167073.662204679
401,2024-07-15 09:10:19.780822016,141.61248316217763,0.03776737509405268,-48310.4584445751,-3167073.661493335
402,2024-07-15 09:20:20.219177984,141.61313708513612,0.05012232963578357,-48310.45606397963,-3167073.6607951755
403,2024-07-15 09:30:20.657534208,141.61388814015535,0.05045582711103488,-48310.45344434196,-3167073.6601101668
404,2024-07-15 09:40:21.095890432,141.61473567275902,0.029996615396476287,-48310.45105740766,-3167073.6594382813
405,2024-07-15 09:50:21.534246656,141.61567902847096,0.03288855953180741,-48310.44934756219,-3167073.658779488
406,2024-07-15 10:00:21.972602624,141.61671755281483,0.025817582055010682,-48310.44833956221,-3167073.6581337578
407,2024-07-15 10:10:22.410958848,141.61785059131535,0.024212657930440137,-48310.44772981428,-3167073.657501059
408,2024-07-15 10:20:22.849315072,141.61907754498188,0.022043104515169172,-48310.44723455078,-3167073.656881365
409,2024-07-15 10:30:23.287671296,141.6203982005924,0.025110492725784674,-48310.44676874313,-3167073.656274645
410,2024-07-15 10:40:23.726027520,141.6218125087535,0.02369091508243606,-48310.446331763625,-3167073.6556808734
411,2024-07-15 10:50:24.164383488,141.62332042066825,0.023429916396345285,-48310.445923292194,-3167073.6551000206
412,2024-07-15 11:00:24.602739712,141.62492188754146,0.021625413379184433,-48310.445543008704,-3167073.654532062
413,2024-07-15 11:10:25.041095936,141.6266168605763,0.02237067872098441,-48310.4451905931,-3167073.6539769676
414,2024-07-15 11:20:25.479452160,141.62840529097642,0.024296420584261,-48310.44486572527,-3167073.6534347124
415,2024-07-15 11:30:25.917808128,141.63028712994463,0.027650621246838935,-48310.44456808513,-3167073.6529052663
416,2024-07-15 11:40:26.356164352,141.6322623286863,0.027090225425290364,-48310.44429735258,-3167073.652388604
417,2024-07-15 11:50:26.794520576,141.63433083840422,0.013045153520787464,-48310.444053207524,-3167073.651884698
418,2024-07-15 12:00:27.232876800,141.63649261030216,0.017550945711262127,-48310.44383532987,-3167073.651393519
419,2024-07-15 12:10:27.671232768,141.63874759558277,0.014057530042305831,-48310.44364339954,-3167073.6509150416
420,2024-07-15 12:20:28.109588992,141.64109574545162,0.0115295613631547,-48310.44347709642,-3167073.6504492387
421,2024-07-15 12:30:28.547945216,141.64353701111153,0.0088707204812701,-48310.443336100434,-3167073.6499960804
422,2024-07-15 12:40:28.986301440,141.64607134376607,0.011487528413393573,-48310.443220091474,-3167073.6495555416
423,2024-07-15 12:50:29.424657408,141.64869869461782,0.011794274494894856,-48310.443128749466,-3167073.649127594
424,2024-07-15 13:00:29.863013632,141.65141901487272,0.015707512310161872,-48310.4430617543,-3167073.64871221
425,2024-07-15 13:10:30.301369856,141.65423225573332,0.01734356509525877,-48310.44301878587,-3167073.6483093635
426,2024-07-15 13:20:30.739726080,141.6571383684033,0.012454341903856178,-48310.442999524115,-3167073.6479190253
427,2024-07-15 13:30:31.178082304,141.66013730408636,0.015008640630810614,-48310.44300364893,-3167073.647541169
428,2024-07-15 13:40:31.616438272,141.66322901398482,0.010075137790343065,-48310.44303084021,-3167073.6471757665
429,2024-07-15 13:50:32.054794496,141.66641344930497,0.01009665706691169,-48310.44308077789,-3167073.646822792
430,2024-07-15 14:00:32.493150720,141.6696905612492,0.010641893178479576,-48310.443153141845,-3167073.646482216
431,2024-07-15 14:10:32.931506944,141.67306030102122,0.011886313565313895,-48310.443247612006,-3167073.6461540125
432,2024-07-15 14:20:33.369862912,141.67652261982312,0.011765495773064913,-48310.44336386827,-3167073.6458381545
433,2024-07-15 14:30:33.808219136,141.68007746886167,0.011035668685441593,-48310.44350159054,-3167073.6455346122
434,2024-07-15 14:40:34.246575360,141.683724799339,0.0098725409698283,-48310.44366045873,-3167073.6452433607
435,2024-07-15 14:50:34.684931584,141.68746456245876,0.008781066705450282,-48310.443840152744,-3167073.644964371
436,2024-07-15 15:00:35.123287552,141.691296709423,0.005630911025641734,-48310.444040352486,-3167073.6446976173
437,2024-07-15 15:10:35.561643776,141.69522119143872,0.006960766872863842,-48310.444260737866,-3167073.6444430714
438,2024-07-15 15:20:36.000000000,141.6992379597079,0.008137930587097313,-48310.4445009888,-3167073.644200705
439,2024-07-15 15:30:36.438356224,141.70334696543424,0.012259049314537964,-48310.444760785176,-3167073.643970492
440,2024-07-15 15:40:36.876712448,141.7075481598214,0.00985585060443932,-48310.445039806924,-3167073.6437524045
441,2024-07-15 15:50:37.315068416,141.71184149407128,0.008629604443257359,-48310.445337733916,-3167073.643546414
442,2024-07-15 16:00:37.753424640,141.71622691939112,0.009282985561029192,-48310.44565424609,-3167073.6433524964
443,2024-07-15 16:10:38.191780864,141.7207043869829,0.008757695889478287,-48310.445989023356,-3167073.64317062
444,2024-07-15 16:20:38.630137088,141.7252738480502,0.0077316396818621885,-48310.4463417456,-3167073.6430007606
445,2024-07-15 16:30:39.068493056,141.72993525379468,0.009760065642768132,-48310.446712092744,-3167073.642842889
446,2024-07-15 16:40:39.506849280,141.73468855542407,0.0071094995220474235,-48310.44709974468,-3167073.642696979
447,2024-07-15 16:50:39.945205504,141.73953370414,0.014583772427476872,-48310.447504381336,-3167073.642563002
448,2024-07-15 17:00:40.383561728,141.7444706511462,0.015557074842915884,-48310.447925682594,-3167073.6424409314
449,2024-07-15 17:10:40.821917696,141.7494993476442,0.01404066662695306,-48310.44836332839,-3167073.64233074
450,2024-07-15 17:20:41.260273920,141.7546197448419,0.012528768016760256,-48310.44881699861,-3167073.6422324004
451,2024-07-15 17:30:41.698630144,141.75983179394083,0.01215021763840826,-48310.449286373165,-3167073.6421458847
452,2024-07-15 17:40:42.136986368,141.76513544614477,0.009285767813609545,-48310.44977113196,-3167073.6420711647
453,2024-07-15 17:50:42.575342592,141.77053065265736,0.011802073589239502,-48310.4502709549,-3167073.6420082147
454,2024-07-15 18:00:43.013698560,141.77601736467977,0.014653885492962843,-48310.45078552189,-3167073.6419570064
455,2024-07-15 18:10:43.452054784,141.7815955334206,0.015231057753030987,-48310.451314512866,-3167073.641917513
456,2024-07-15 18:20:43.890411008,141.78726511008105,0.013292791465132953,-48310.45185760771,-3167073.6418897067
457,2024-07-15 18:30:44.328767232,141.79302604586485,0.014452226002879433,-48310.452414486324,-3167073.6418735594
458,2024-07-15 18:40:44.767123200,141.79887829197312,0.016826512671593165,-48310.45298482862,-3167073.641869044
459,2024-07-15 18:50:45.205479424,141.80482179961456,0.016408541580393364,-48310.45356831453,-3167073.641876134
460,2024-07-15 19:00:45.643835648,141.81085651999035,0.011781354033733402,-48310.45416462392,-3167073.6418948015
461,2024-07-15 19:10:46.082191872,141.8169824043042,0.012252700962595602,-48310.45477343672,-3167073.6419250187
462,2024-07-15 19:20:46.520547840,141.8231994037571,0.013192612412951828,-48310.455394432815,-3167073.641966759
463,2024-07-15 19:30:46.958904064,141.829507469558,0.014132523863708793,-48310.45602729215,-3167073.642019994
464,2024-07-15 19:40:47.397260288,141.83590655290794,0.015370337402508509,-48310.45667169461,-3167073.6420846973
465,2024-07-15 19:50:47.835616512,141.8423966050106,0.026398213988569685,-48310.4573273201,-3167073.6421608403
466,2024-07-15 20:00:48.273972480,141.84897757706693,0.026595421905469437,-48310.45799384855,-3167073.6422483977
467,2024-07-15 20:10:48.712328704,141.8556494202861,0.013830885538175115,-48310.45867095983,-3167073.642347339
468,2024-07-15 20:20:49.150684928,141.86241208586904,0.01652302261427734,-48310.45935833387,-3167073.64245764
469,2024-07-15 20:30:49.589041152,141.86926552501944,0.0201065910038553,-48310.46005565056,-3167073.642579271
470,2024-07-15 20:40:50.027397376,141.87620968894092,0.013560449578240251,-48310.46076258983,-3167073.642712206
471,2024-07-15 20:50:50.465753344,141.88324452883415,0.013464058330358568,-48310.461478831574,-3167073.6428564168
472,2024-07-15 21:00:50.904109568,141.89036999590888,0.027013529938930195,-48310.46220405571,-3167073.6430118755
473,2024-07-15 21:10:51.342465792,141.89758604136574,0.0324932422467964,-48310.462937942124,-3167073.6431785556
474,2024-07-15 21:20:51.780822016,141.90489261640843,0.04127677235031516,-48310.46368017073,-3167073.6433564294
475,2024-07-15 21:30:52.219177984,141.91228967223742,0.06517292129647542,-48310.46443042146,-3167073.643545471
476,2024-07-15 21:40:52.657534208,141.91977716006275,0.04951551514762595,-48310.465188374175,-3167073.64374565
477,2024-07-15 21:50:53.095890432,141.9273550310849,0.027169557084137964,-48310.46595370883,-3167073.643956942
478,2024-07-15 22:00:53.534246656,141.9350232365076,0.02192282748161673,-48310.4667261053,-3167073.6441793167
479,2024-07-15 22:10:53.972602624,141.94278172753116,0.01579929355945241,-48310.46750524351,-3167073.6444127494
480,2024-07-15 22:20:54.410958848,141.95063045536588,0.030141941237678722,-48310.46829080335,-3167073.644657211
481,2024-07-15 22:30:54.849315072,141.95856937121215,0.028820705670646013,-48310.46908246473,-3167073.644912674
482,2024-07-15 22:40:55.287671296,141.96659842627366,0.01780434826052301,-48310.469879907585,-3167073.645179112
483,2024-07-15 22:50:55.726027520,141.97471757175407,0.021072596014999525,-48310.47068281179,-3167073.6454564976
484,2024-07-15 23:00:56.164383488,141.98292675885352,0.01631662828612407,-48310.47149085726,-3167073.645744802
485,2024-07-15 23:10:56.602739712,141.99122593878275,0.03641790495857142,-48310.4723037239,-3167073.646044
486,2024-07-15 23:20:57.041095936,141.99961506274187,0.04289711346500886,-48310.47312109163,-3167073.6463540625
487,2024-07-15 23:30:57.479452160,142.00809408193464,0.03644296047943525,-48310.47394264034,-3167073.6466749622
488,2024-07-15 23:40:57.917808128,142.01666294756095,0.04037017684972004,-48310.47476804994,-3167073.647006672
489,2024-07-15 23:50:58.356164352,142.0253216108319,0.05267029500664153,-48310.47559700035,-3167073.647349165
490,2024-07-16 00:00:58.794520576,142.03407002294747,0.05267029500664153,-48310.47642917148,-3167073.647702414
491,2024-07-16 00:10:59.232876800,142.04290813511136,0.04258052709834099,-48310.47726424321,-3167073.64806639
492,2024-07-16 00:20:59.671232768,142.05183589852342,0.02872456160165246,-48310.47810189546,-3167073.6484410665
493,2024-07-16 00:31:00.109588992,142.06085326439486,0.023977311208730284,-48310.47894180815,-3167073.648826416
494,2024-07-16 00:41:00.547945216,142.06996018392573,0.027279204451801414,-48310.479783661176,-3167073.6492224117
495,2024-07-16 00:51:00.986301440,142.07915660831958,0.030581097694872543,-48310.48062713444,-3167073.649629026
496,2024-07-16 01:01:01.424657408,142.08844248877608,0.03388299093653589,-48310.48147190786,-3167073.6500462308
497,2024-07-16 01:11:01.863013632,142.09781777650696,0.037184884179607025,-48310.48231766134,-3167073.650473999
498,2024-07-16 01:21:02.301369856,142.10728242271188,0.04048677742267816,-48310.48316407479,-3167073.6509123044
499,2024-07-16 01:31:02.739726080,142.11683637859448,0.04378867066574929,-48310.48401082809,-3167073.6513611176
500,2024-07-16 01:41:03.178082304,142.1264795953585,0.04709056390882042,-48310.48485760119,-3167073.6518204114
501,2024-07-16 01:51:03.616438272,142.1362120242034,0.050392457150483766,-48310.48570407397,-3167073.6522901612
502,2024-07-16 02:01:04.054794496,142.14603361634119,0.0536943503935549,-48310.486549926325,-3167073.6527703367
503,2024-07-16 02:11:04.493150720,142.15594432297138,0.05699624363662603,-48310.4873948382,-3167073.65326091
504,2024-07-16 02:21:04.931506944,142.16594409529768,0.060298136879697165,-48310.48823848948,-3167073.6537618567
505,2024-07-16 02:31:05.369862912,142.17603288451937,0.0636000301213605,-48310.489080560066,-3167073.6542731463
506,2024-07-16 02:41:05.808219136,142.18621064184885,0.06582514699096867,-48310.48992072987,-3167073.6547947526
507,2024-07-16 02:51:06.246575360,142.19647731848548,0.07089423466858838,-48310.49075867882,-3167073.65532665
508,2024-07-16 03:01:06.684931584,142.20683286563283,0.0781889013056464,-48310.49159408678,-3167073.6558688087
509,2024-07-16 03:11:07.123287552,142.21727723449024,0.08548356793959432,-48310.49242663371,-3167073.6564212027
510,2024-07-16 03:21:07.561643776,142.2278103762702,0.09277823457665234,-48310.49325599946,-3167073.656983803
511,2024-07-16 03:31:08.000000000,142.23843224217202,0.09979347647191432,-48310.494081863995,-3167073.6575565846
512,2024-07-16 03:41:08.438356224,142.2491427833993,0.09024748026184513,-48310.494903907165,-3167073.6581395175
513,2024-07-16 03:51:08.876712448,142.25994195115578,0.08032125660331317,-48310.495721808926,-3167073.6587325763
514,2024-07-16 04:01:09.315068416,142.27082969664048,0.07039503294901331,-48310.496535249156,-3167073.6593357325
515,2024-07-16 04:11:09.753424640,142.2818059710663,0.060468809290481346,-48310.49734390777,-3167073.6599489585
516,2024-07-16 04:21:10.191780864,142.2928707256323,0.05054258563194939,-48310.49814746468,-3167073.6605722276
517,2024-07-16 04:31:10.630137088,142.3040239115422,0.04180052476724391,-48310.49894559977,-3167073.6612055125
518,2024-07-16 04:41:11.068493056,142.31526547999488,0.04180052476724391,-48310.499737992985,-3167073.6618487863
519,2024-07-16 04:51:11.506849280,142.32659538220352,0.030266204615300156,-48310.500524324205,-3167073.6625020197
520,2024-07-16 05:01:11.945205504,142.33801356936706,0.01806256647246349,-48310.50130427333,-3167073.6631651856
521,2024-07-16 05:11:12.383561728,142.34951999268924,0.01940572064491307,-48310.502077520294,-3167073.6638382585
522,2024-07-16 05:21:12.821917696,142.36111460336866,0.028922001668995372,-48310.50284374499,-3167073.66452121
523,2024-07-16 05:31:13.260273920,142.37279735261896,0.03249699828513914,-48310.50360262733,-3167073.6652140124
524,2024-07-16 05:41:13.698630144,142.38456819163886,0.054211032251045066,-48310.50435384721,-3167073.665916639
525,2024-07-16 05:51:14.136986368,142.3964270716321,0.062427922291861046,-48310.50509708454,-3167073.66662906
526,2024-07-16 06:01:14.575342592,142.40837394380225,0.06027454189482317,-48310.50583201923,-3167073.6673512515
527,2024-07-16 06:11:15.013698560,142.42040875934788,0.06150544746099139,-48310.506558331195,-3167073.668083184
528,2024-07-16 06:21:15.452054784,142.43253146948297,0.08562856993618517,-48310.507275700336,-3167073.668824831
529,2024-07-16 06:31:15.890411008,142.44474202540601,0.09356244418380252,-48310.50798380656,-3167073.6695761643
530,2024-07-16 06:41:16.328767232,142.45704037832076,0.09994379902752269,-48310.50868232976,-3167073.670337157
531,2024-07-16 06:51:16.767123200,142.46942647942552,0.06582248133392564,-48310.50937094986,-3167073.671107781
532,2024-07-16 07:01:17.205479424,142.4819002799346,0.05689701028003805,-48310.510049346776,-3167073.6718880106
533,2024-07-16 07:11:17.643835648,142.49446173104633,0.04576107506798548,-48310.51071720039,-3167073.672677817
534,2024-07-16 07:21:18.082191872,142.50711078396444,0.03516446115257341,-48310.51137419062,-3167073.6734771715
535,2024-07-16 07:31:18.520547840,142.5198473898871,0.029405530524353046,-48310.51201999737,-3167073.6742860493
536,2024-07-16 07:41:18.958904064,142.53267150002893,0.02624982371548083,-48310.51265430056,-3167073.675104422
537,2024-07-16 07:51:19.397260288,142.54558306558818,0.031822328727320694,-48310.51327678007,-3167073.6759322626
538,2024-07-16 08:01:19.835616512,142.5585820377685,0.05516810382536948,-48310.51388711584,-3167073.676769543
539,2024-07-16 08:11:20.273972480,142.57166836776798,0.06222567271365019,-48310.51448498777,-3167073.6776162353
540,2024-07-16 08:21:20.712328704,142.5848420068014,0.06542098274593856,-48310.51507007575,-3167073.6784723136
541,2024-07-16 08:31:21.150684928,142.5981029060669,0.040791274764838716,-48310.51564205969,-3167073.6793377497
542,2024-07-16 08:41:21.589041152,142.61145101676823,0.018349303952882656,-48310.5162006195,-3167073.680212516
543,2024-07-16 08:51:22.027397376,142.624886290109,0.02194130303759326,-48310.5167454351,-3167073.6810965855
544,2024-07-16 09:01:22.465753344,142.6384086694714,0.020396334340874893,-48310.51727620326,-3167073.68198993
545,2024-07-16 09:11:22.904109568,142.65201778302932,0.03429195915005925,-48310.51779330165,-3167073.682892526
546,2024-07-16 09:21:23.342465792,142.66571284273508,0.033020765608878525,-48310.518298006944,-3167073.683804353
547,2024-07-16 09:31:23.780822016,142.67949303204523,0.024847171842119466,-48310.518791657334,-3167073.6847253903
548,2024-07-16 09:41:24.219177984,142.69335753441047,0.021031519044102342,-48310.519275591025,-3167073.6856556158
549,2024-07-16 09:51:24.657534208,142.70730553329923,0.022191199999786127,-48310.519751146254,-3167073.686595011
550,2024-07-16 10:01:25.095890432,142.7213362121623,0.016395905809065924,-48310.52021966124,-3167073.687543555
551,2024-07-16 10:11:25.534246656,142.73544875445617,0.015102256541247501,-48310.52068247416,-3167073.688501227
552,2024-07-16 10:21:25.972602624,142.74964234363145,0.03090160961109966,-48310.521140923265,-3167073.6894680066
553,2024-07-16 10:31:26.410958848,142.76391616315684,0.04675542197901055,-48310.52159634676,-3167073.690443873
554,2024-07-16 10:41:26.849315072,142.77826939648287,0.0413815705096081,-48310.522050082865,-3167073.691428806
555,2024-07-16 10:51:27.287671296,142.79270122706617,0.02612840861757125,-48310.52250346978,-3167073.6924227863
556,2024-07-16 11:01:27.726027520,142.80721083836335,0.028654912114004196,-48310.52295784572,-3167073.693425791
557,2024-07-16 11:11:28.164383488,142.82179741382478,0.028497256313041872,-48310.52341454892,-3167073.694437801
558,2024-07-16 11:21:28.602739712,142.83646013691953,0.02169452851141097,-48310.52387491758,-3167073.6954587963
559,2024-07-16 11:31:29.041095936,142.85119819109795,0.016690010244746287,-48310.524340289914,-3167073.6964887553
560,2024-07-16 11:41:29.479452160,142.86601075981665,0.012988930827694475,-48310.52481200414,-3167073.6975276587
561,2024-07-16 11:51:29.917808128,142.88089702652596,0.015295691849509744,-48310.52529139847,-3167073.6985754846
562,2024-07-16 12:01:30.356164352,142.89585617469504,0.02087085548101213,-48310.52577981112,-3167073.6996322144
563,2024-07-16 12:11:30.794520576,142.91088738777427,0.022231429201085166,-48310.5262785803,-3167073.7006978253
564,2024-07-16 12:21:31.232876800,142.9259898492202,0.02019127515641952,-48310.526789044234,-3167073.7017722996
565,2024-07-16 12:31:31.671232768,142.94116274248296,0.02201747202969786,-48310.52731254113,-3167073.702855613
566,2024-07-16 12:41:32.109588992,142.95640525103215,0.02549952614062843,-48310.52785040921,-3167073.703947749
567,2024-07-16 12:51:32.547945216,142.9717165583178,0.02220959473086131,-48310.52840398668,-3167073.705048686
568,2024-07-16 13:01:32.986301440,142.98709584779672,0.01525518971473543,-48310.52897461177,-3167073.7061584014
569,2024-07-16 13:11:33.424657408,143.0025423029187,0.018536486265605216,-48310.52956362268,-3167073.7072768766
570,2024-07-16 13:21:33.863013632,143.01805510715363,0.014815320235310337,-48310.53017235761,-3167073.708404091
571,2024-07-16 13:31:34.301369856,143.0336334439515,0.01121093640194926,-48310.53080215481,-3167073.7095400244
572,2024-07-16 13:41:34.739726080,143.04927649676895,0.012618999199042217,-48310.53145435245,-3167073.7106846543
573,2024-07-16 13:51:35.178082304,143.06498344906257,0.017473538175898088,-48310.53213028882,-3167073.711837964
574,2024-07-16 14:01:35.616438272,143.08075348428224,0.021390010906115205,-48310.53283130204,-3167073.7129999283
575,2024-07-16 14:11:36.054794496,143.09658578589796,0.02700678950098373,-48310.533558730385,-3167073.7141705304
576,2024-07-16 14:21:36.493150720,143.1124795373597,0.027202178794708275,-48310.53431391207,-3167073.7153497487
577,2024-07-16 14:31:36.931506944,143.128433922124,0.020812846179741457,-48310.535098185275,-3167073.7165375627
578,2024-07-16 14:41:37.369862912,143.14444812364064,0.017514315497352433,-48310.53591288824,-3167073.7177339513
579,2024-07-16 14:51:37.808219136,143.16052132537996,0.01937824368240964,-48310.53675935919,-3167073.718938896
580,2024-07-16 15:01:38.246575360,143.17665271079164,0.018118535685953972,-48310.53763893631,-3167073.7201523725
581,2024-07-16 15:11:38.684931584,143.19284146333234,0.022251407788154254,-48310.53855295782,-3167073.721374364
582,2024-07-16 15:21:39.123287552,143.20908676645175,0.03503424839505439,-48310.53950276197,-3167073.722604849
583,2024-07-16 15:31:39.561643776,143.2253878036203,0.04205634953935093,-48310.54048968692,-3167073.723843807
584,2024-07-16 15:41:40.000000000,143.24174375828764,0.03789738273813138,-48310.54151507093,-3167073.725091216
585,2024-07-16 15:51:40.438356224,143.25815381391047,0.040398978399581016,-48310.54258025219,-3167073.726347057
586,2024-07-16 16:01:40.876712448,143.2746171539453,0.035663282079981054,-48310.54368656891,-3167073.7276113103
587,2024-07-16 16:11:41.315068416,143.2911329618417,0.01622261302079397,-48310.54483535934,-3167073.7288839538
588,2024-07-16 16:21:41.753424640,143.30770042107042,0.02198054809643553,-48310.54602796167,-3167073.7301649684
589,2024-07-16 16:31:42.191780864,143.32431871508098,0.01999750873973274,-48310.5472657141,-3167073.7314543324
590,2024-07-16 16:41:42.630137088,143.34098702732996,0.022121617211709955,-48310.54854995488,-3167073.732752025
591,2024-07-16 16:51:43.068493056,143.35770449270404,0.028088800509609692,-48310.54988175912,-3167073.7340580276
592,2024-07-16 17:01:43.506849280,143.3744693195875,0.02484293013629695,-48310.551257183084,-3167073.7353723184
593,2024-07-16 17:11:43.945205504,143.39127888468232,0.019810729164591562,-48310.55266777791,-3167073.7366948756
594,2024-07-16 17:21:44.383561728,143.40813053517687,0.024219023725009586,-48310.55410493487,-3167073.738025682
595,2024-07-16 17:31:44.821917696,143.42502161825234,0.023072327515370236,-48310.555560045206,-3167073.739364716
596,2024-07-16 17:41:45.260273920,143.44194948111146,0.024410910796512184,-48310.55702450017,-3167073.740711955
597,2024-07-16 17:51:45.698630144,143.45891147093542,0.028230976143117696,-48310.55848969104,-3167073.7420673803
598,2024-07-16 18:01:46.136986368,143.4759049349126,0.0220058735457458,-48310.559947009024,-3167073.743430972
599,2024-07-16 18:11:46.575342592,143.49292722023122,0.0216558417913515,-48310.56138784542,-3167073.7448027083
600,2024-07-16 18:21:47.013698560,143.5099756740725,0.030698120187266385,-48310.562803591434,-3167073.746182569
601,2024-07-16 18:31:47.452054784,143.52704764363926,0.033785694074137014,-48310.56418563836,-3167073.7475705342
602,2024-07-16 18:41:47.890411008,143.54414047611257,0.043312326849855406,-48310.56552553555,-3167073.7489665826
603,2024-07-16 18:51:48.328767232,143.5612515186809,0.0405579394814762,-48310.56681975613,-3167073.750370694
604,2024-07-16 19:01:48.767123200,143.57837811852514,0.0189599159368357,-48310.56807053972,-3167073.751782849
605,2024-07-16 19:11:49.205479424,143.59551762284835,0.017676337485785346,-48310.56928045393,-3167073.7532030256
606,2024-07-16 19:21:49.643835648,143.61266737883156,0.020725984946302865,-48310.57045206638,-3167073.754631203
607,2024-07-16 19:31:50.082191872,143.62982473366313,0.026428730043023187,-48310.571587944694,-3167073.7560673635
608,2024-07-16 19:41:50.520547840,143.64698703452407,0.02855867039282094,-48310.57269065653,-3167073.757511483
609,2024-07-16 19:51:50.958904064,143.66415162861736,0.02834160058779476,-48310.57376276949,-3167073.7589635444
610,2024-07-16 20:01:51.397260288,143.6813158631241,0.052107438606477055,-48310.57480685117,-3167073.7604235243
611,2024-07-16 20:11:51.835616512,143.69847708523258,0.05384942346996849,-48310.57582546925,-3167073.761891404
612,2024-07-16 20:21:52.273972480,143.7156326421239,0.05744840085133846,-48310.5768211913,-3167073.763367163
613,2024-07-16 20:31:52.712328704,143.73277989834466,0.030977447716433765,-48310.577796568956,-3167073.7648507794
614,2024-07-16 20:41:53.150684928,143.74991721588927,0.020924163743354585,-48310.578753231486,-3167073.766342235
615,2024-07-16 20:51:53.589041152,143.76704447852399,0.021537515192811784,-48310.579691401166,-3167073.7678415067
616,2024-07-16 21:01:54.027397376,143.78416169811857,0.0216621695926383,-48310.58061118176,-3167073.7693485757
617,2024-07-16 21:11:54.465753344,143.80126888653547,0.021786823992411674,-48310.5815126771,-3167073.770863423
618,2024-07-16 21:21:54.904109568,143.8183660556589,0.02191147839223819,-48310.582395990976,-3167073.772386024
619,2024-07-16 21:31:55.342465792,143.83545321735136,0.02203613279206471,-48310.583261227155,-3167073.773916362
620,2024-07-16 21:41:55.780822016,143.85253038348256,0.02216078719189123,-48310.584108489486,-3167073.7754544145
621,2024-07-16 21:51:56.219177984,143.86959756591497,0.0222854415916646,-48310.58493788173,-3167073.7770001604
622,2024-07-16 22:01:56.657534208,143.88665477653282,0.02241009599149112,-48310.58574950771,-3167073.7785535813
623,2024-07-16 22:11:57.095890432,143.90370202719856,0.022534750391317637,-48310.586543471196,-3167073.780114656
624,2024-07-16 22:21:57.534246656,143.92073932978198,0.022659404791144155,-48310.58731987601,-3167073.781683364
625,2024-07-16 22:31:57.972602624,143.93776669614545,0.022784059190917527,-48310.58807882593,-3167073.783259684
626,2024-07-16 22:41:58.410958848,143.95478413817327,0.022908713590744045,-48310.58882042478,-3167073.7848435957
627,2024-07-16 22:51:58.849315072,143.97179166772787,0.023033367990570566,-48310.58954477635,-3167073.7864350798
628,2024-07-16 23:01:59.287671296,143.988789296679,0.023158022390397083,-48310.590251984424,-3167073.7880341155
629,2024-07-16 23:11:59.726027520,144.00577703689632,0.0232826767902236,-48310.590942152805,-3167073.789640681
630,2024-07-16 23:22:00.164383488,144.02275490024235,0.023407331189996973,-48310.59161538531,-3167073.7912547565
631,2024-07-16 23:32:00.602739712,144.03972289860135,0.02353198558982349,-48310.59227178572,-3167073.7928763228
632,2024-07-16 23:42:01.041095936,144.0566810438357,0.023656639989650008,-48310.59291145783,-3167073.794505358
633,2024-07-16 23:52:01.479452160,144.07362934781526,0.02378129438947653,-48310.59353450546,-3167073.796141841
634,2024-07-17 00:02:01.917808128,144.09056782240236,0.023905948789249898,-48310.59414103237,-3167073.797785754
635,2024-07-17 00:12:02.356164352,144.10749647948128,0.02403060318907642,-48310.59473114242,-3167073.799437074
636,2024-07-17 00:22:02.794520576,144.1244153309145,0.024155257588902936,-48310.595304939336,-3167073.801095782
637,2024-07-17 00:32:03.232876800,144.14132438857172,0.024279911988729454,-48310.59586252696,-3167073.8027618565
638,2024-07-17 00:42:03.671232768,144.15822366431544,0.024404566388502826,-48310.59640400909,-3167073.804435276
639,2024-07-17 00:52:04.109588992,144.17511317002987,0.024529220788329344,-48310.5969294895,-3167073.8061160236
640,2024-07-17 01:02:04.547945216,144.19199291757747,0.024653875188155865,-48310.597439072015,-3167073.807804075
641,2024-07-17 01:12:04.986301440,144.20886291882792,0.024778529587982382,-48310.597932860415,-3167073.809499413
642,2024-07-17 01:22:05.424657408,144.22572318564386,0.024903183987755755,-48310.59841095851,-3167073.811202014
643,2024-07-17 01:32:05.863013632,144.24257372990928,0.025027838387582272,-48310.598873470095,-3167073.8129118597
644,2024-07-17 01:42:06.301369856,144.2594145634868,0.02515249278740879,-48310.599320498965,-3167073.8146289275
645,2024-07-17 01:52:06.739726080,144.27624569824613,0.02527714718723531,-48310.59975214892,-3167073.8163532005
646,2024-07-17 02:02:07.178082304,144.29306714605693,0.025401801587061828,-48310.60016852376,-3167073.8180846544
647,2024-07-17 02:12:07.616438272,144.30987891878178,0.0255264559868352,-48310.60056972728,-3167073.8198232707
648,2024-07-17 02:22:08.054794496,144.3266810283048,0.025651110386661718,-48310.60095586328,-3167073.8215690292
649,2024-07-17 02:32:08.493150720,144.3434734864884,0.025775764786488235,-48310.601327035554,-3167073.8233219087
650,2024-07-17 02:42:08.931506944,144.36025630520245,0.025900419186314753,-48310.601683347915,-3167073.825081889
651,2024-07-17 02:52:09.369862912,144.3770294963095,0.026025073586088125,-48310.602024904154,-3167073.8268489493
652,2024-07-17 03:02:09.808219136,144.3937930716935,0.026149727985914643,-48310.602351808055,-3167073.828623069
653,2024-07-17 03:12:10.246575360,144.41054704321706,0.02627438238574116,-48310.60266416344,-3167073.8304042285
654,2024-07-17 03:22:10.684931584,144.4272914227499,0.02639903678556768,-48310.602962074096,-3167073.832192406
655,2024-07-17 03:32:11.123287552,144.44402622215466,0.02652369118534105,-48310.60324564381,-3167073.8339875825
656,2024-07-17 03:42:11.561643776,144.46075145331523,0.02664834558516757,-48310.6035149764,-3167073.8357897364
657,2024-07-17 03:52:12.000000000,144.47746712809425,0.02677299998499409,-48310.60377017566,-3167073.8375988477
658,2024-07-17 04:02:12.438356224,144.49417325836146,0.026897654384820606,-48310.604011345364,-3167073.839414896
659,2024-07-17 04:12:12.876712448,144.51086985598653,0.027022308784647127,-48310.60423858937,-3167073.8412378603
660,2024-07-17 04:22:13.315068416,144.52755693283217,0.027146963184420496,-48310.604452011394,-3167073.8430677205
661,2024-07-17 04:32:13.753424640,144.54423450078218,0.027271617584247017,-48310.60465171529,-3167073.844904456
662,2024-07-17 04:42:14.191780864,144.56090257169936,0.027396271984073534,-48310.60483780486,-3167073.846748046
663,2024-07-17 04:52:14.630137088,144.5775611574532,0.027520926383900052,-48310.605010383864,-3167073.8485984714
664,2024-07-17 05:02:15.068493056,144.59421026990648,0.027645580783673424,-48310.605169556125,-3167073.85045571
665,2024-07-17 05:12:15.506849280,144.6108499209431,0.02777023518349994,-48310.60531542545,-3167073.852319741
666,2024-07-17 05:22:15.945205504,144.62748012242565,0.027894889583326463,-48310.60544809562,-3167073.8541905475
667,2024-07-17 05:32:16.383561728,144.64410088622387,0.02801954398315298,-48310.605567670435,-3167073.8560681054
668,2024-07-17 05:42:16.821917696,144.66071222420038,0.028144198382926353,-48310.60567425369,-3167073.857952395
669,2024-07-17 05:52:17.260273920,144.6773141482391,0.02826885278275287,-48310.605767949215,-3167073.8598433966
670,2024-07-17 06:02:17.698630144,144.69390667020264,0.028393507182579387,-48310.60584886079,-3167073.8617410883
671,2024-07-17 06:12:18.136986368,144.71048980196082,0.02851816158240591,-48310.60591709217,-3167073.863645452
672,2024-07-17 06:22:18.575342592,144.72706355538318,0.028642815982232426,-48310.60597274722,-3167073.865556465
673,2024-07-17 06:32:19.013698560,144.7436279423325,0.0287674703820058,-48310.6060159297,-3167073.8674741075
674,2024-07-17 06:42:19.452054784,144.7601829746926,0.028892124781832316,-48310.60604674341,-3167073.8693983597
675,2024-07-17 06:52:19.890411008,144.77672866432616,0.029016779181658833,-48310.606065292166,-3167073.871329201
676,2024-07-17 07:02:20.328767232,144.7932650231029,0.02914143358148535,-48310.60607167975,-3167073.873266609
677,2024-07-17 07:12:20.767123200,144.80979206288544,0.029266087981258723,-48310.606066009976,-3167073.8752105655
678,2024-07-17 07:22:21.205479424,144.82630979555765,0.029390742381085244,-48310.606048386624,-3167073.877161049
679,2024-07-17 07:32:21.643835648,144.8428182329822,0.029515396780911758,-48310.60601891351,-3167073.87911804
680,2024-07-17 07:42:22.082191872,144.85931738702874,0.02964005118073828,-48310.60597769442,-3167073.881081517
681,2024-07-17 07:52:22.520547840,144.87580726956008,0.029764705580511648,-48310.60592483315,-3167073.883051459
682,2024-07-17 08:02:22.958904064,144.89228789245996,0.02988935998033817,-48310.605860433505,-3167073.8850278463
683,2024-07-17 08:12:23.397260288,144.90875926759102,0.030014014380164687,-48310.60578459929,-3167073.88701066
684,2024-07-17 08:22:23.835616512,144.92522140682306,0.030138668779991204,-48310.60569743431,-3167073.888999876
685,2024-07-17 08:32:24.273972480,144.9416743220187,0.030263323179764576,-48310.60559904231,-3167073.8909954764
686,2024-07-17 08:42:24.712328704,144.95811802506176,0.030387977579591094,-48310.60548952716,-3167073.8929974413
687,2024-07-17 08:52:25.150684928,144.97455252781492,0.030512631979417615,-48310.60536899262,-3167073.895005749
688,2024-07-17 09:02:25.589041152,144.9909778421479,0.030637286379244132,-48310.605237542484,-3167073.8970203786
689,2024-07-17 09:12:26.027397376,145.0073939799305,0.03076194077907065,-48310.60509528057,-3167073.8990413095
690,2024-07-17 09:22:26.465753344,145.0238009530253,0.030886595178844022,-48310.60494231067,-3167073.901068523
691,2024-07-17 09:32:26.904109568,145.0401987733161,0.03101124957867054,-48310.604778736575,-3167073.903101997
692,2024-07-17 09:42:27.342465792,145.0565874526656,0.03113590397849706,-48310.60460466208,-3167073.9051417112
693,2024-07-17 09:52:27.780822016,145.07296700294356,0.031260558378323575,-48310.60442019101,-3167073.9071876467
694,2024-07-17 10:02:28.219177984,145.0893374360127,0.03138521277809695,-48310.60422542712,-3167073.9092397806
695,2024-07-17 10:12:28.657534208,145.10569876375672,0.031509867177923465,-48310.60402047425,-3167073.911298094
696,2024-07-17 10:22:29.095890432,145.12205099803828,0.031634521577749986,-48310.60380543619,-3167073.9133625664
697,2024-07-17 10:32:29.534246656,145.1383941507272,0.031759175977576506,-48310.60358041671,-3167073.9154331763
698,2024-07-17 10:42:29.972602624,145.15472823368623,0.031883830377349875,-48310.60334551964,-3167073.917509904
699,2024-07-17 10:52:30.410958848,145.17105325879893,0.032008484777176396,-48310.60310084876,-3167073.919592729
700,2024-07-17 11:02:30.849315072,145.18736923792818,0.03213313917700292,-48310.60284650788,-3167073.9216816304
701,2024-07-17 11:12:31.287671296,145.2036761829436,0.03225779357682943,-48310.60258260079,-3167073.9237765884
702,2024-07-17 11:22:31.726027520,145.21997410571498,0.03238244797665595,-48310.60230923129,-3167073.9258775814
703,2024-07-17 11:32:32.164383488,145.23626301810506,0.03250710237642932,-48310.60202650317,-3167073.92798459
704,2024-07-17 11:42:32.602739712,145.25254293199745,0.03263175677625584,-48310.60173452026,-3167073.930097594
705,2024-07-17 11:52:33.041095936,145.26881385925492,0.032756411176082356,-48310.60143338632,-3167073.9322165716
706,2024-07-17 12:02:33.479452160,145.28507581174725,0.03288106557590888,-48310.60112320517,-3167073.934341504
707,2024-07-17 12:12:33.917808128,145.3013288013372,0.033005719975682246,-48310.6008040806,-3167073.9364723694
708,2024-07-17 12:22:34.356164352,145.3175728399083,0.03313037437550877,-48310.600476116415,-3167073.9386091465
709,2024-07-17 12:32:34.794520576,145.33380793932344,0.03325502877533529,-48310.60013941643,-3167073.940751817
710,2024-07-17 12:42:35.232876800,145.35003411145226,0.0333796831751618,-48310.59979408439,-3167073.942900359
711,2024-07-17 12:52:35.671232768,145.36625136815758,0.03350433757493518,-48310.599440224134,-3167073.9450547528
712,2024-07-17 13:02:36.109588992,145.38245972132296,0.03362899197476169,-48310.59907793946,-3167073.947214978
713,2024-07-17 13:12:36.547945216,145.39865918281126,0.03375364637458821,-48310.598707334146,-3167073.9493810125
714,2024-07-17 13:22:36.986301440,145.41484976449212,0.03387830077441473,-48310.59832851204,-3167073.951552837
715,2024-07-17 13:32:37.424657408,145.43103147822842,0.0340029551741881,-48310.59794157687,-3167073.9537304323
716,2024-07-17 13:42:37.863013632,145.44720433590365,0.03412760957401462,-48310.597546632474,-3167073.9559137756
717,2024-07-17 13:52:38.301369856,145.46336834938066,0.03425226397384114,-48310.597143782645,-3167073.958102848
718,2024-07-17 14:02:38.739726080,145.47952353052912,0.03437691837366766,-48310.59673313119,-3167073.960297628
719,2024-07-17 14:12:39.178082304,145.4956698912188,0.03450157277349418,-48310.5963147819,-3167073.9624980954
720,2024-07-17 14:22:39.616438272,145.51180744331253,0.03462622717326755,-48310.59588883855,-3167073.9647042304
721,2024-07-17 14:32:40.054794496,145.5279361986938,0.03475088157309407,-48310.59545540498,-3167073.966916011
722,2024-07-17 14:42:40.493150720,145.54405616922537,0.034875535972920584,-48310.59501458496,-3167073.96913342
723,2024-07-17 14:52:40.931506944,145.56016736677714,0.035000190372747104,-48310.5945664823,-3167073.971356432
724,2024-07-17 15:02:41.369862912,145.57626980321183,0.035124844772520473,-48310.59411120079,-3167073.973585031
725,2024-07-17 15:12:41.808219136,145.59236349041285,0.035249499172346994,-48310.593648844246,-3167073.9758191947
726,2024-07-17 15:22:42.246575360,145.60844844024322,0.03537415357217351,-48310.593179516436,-3167073.978058902
727,2024-07-17 15:32:42.684931584,145.62452466457248,0.03549880797200003,-48310.5927033212,-3167073.980304133
728,2024-07-17 15:42:43.123287552,145.64059217526363,0.0356234623717734,-48310.59222036228,-3167073.9825548674
729,2024-07-17 15:52:43.561643776,145.65665098420013,0.03574811677159992,-48310.59173074354,-3167073.984811085
730,2024-07-17 16:02:44.000000000,145.67270110324466,0.03587277117142644,-48310.591234568725,-3167073.987072764
731,2024-07-17 16:12:44.438356224,145.68874254426711,0.035997425571252954,-48310.59073194166,-3167073.989339886
732,2024-07-17 16:22:44.876712448,145.70477531913718,0.036122079971079475,-48310.59022296614,-3167073.9916124283
733,2024-07-17 16:32:45.315068416,145.72079943971764,0.036246734370852844,-48310.58970774594,-3167073.9938903726
734,2024-07-17 16:42:45.753424640,145.73681491789205,0.036371388770679365,-48310.5891863849,-3167073.996173696
735,2024-07-17 16:52:46.191780864,145.75282176552318,0.03649604317050588,-48310.588658986795,-3167073.9984623813
736,2024-07-17 17:02:46.630137088,145.76881999448082,0.0366206975703324,-48310.58812565542,-3167074.0007564044
737,2024-07-17 17:12:47.068493056,145.7848096166278,0.03674535197010577,-48310.587586494585,-3167074.0030557467
738,2024-07-17 17:22:47.506849280,145.80079064384756,0.03687000636993229,-48310.58704160807,-3167074.0053603877
739,2024-07-17 17:32:47.945205504,145.81676308800292,0.03699466076975881,-48310.58649109968,-3167074.007670306
740,2024-07-17 17:42:48.383561728,145.83272696096367,0.03711931516958533,-48310.58593507325,-3167074.009985483
741,2024-07-17 17:52:48.821917696,145.84868227459268,0.0372439695693587,-48310.58537363253,-3167074.0123058967
742,2024-07-17 18:02:49.260273920,145.86462904077334,0.03736862396918522,-48310.584806881336,-3167074.0146315256
743,2024-07-17 18:12:49.698630144,145.88056727136848,0.037493278369011736,-48310.58423492345,-3167074.0169623527
744,2024-07-17 18:22:50.136986368,145.8964969782479,0.03761793276883826,-48310.5836578627,-3167074.0192983537
745,2024-07-17 18:32:50.575342592,145.9124181732813,0.03774258716866477,-48310.583075802875,-3167074.0216395115
746,2024-07-17 18:42:51.013698560,145.9283308683316,0.03786724156843815,-48310.58248884776,-3167074.023985803
747,2024-07-17 18:52:51.452054784,145.94423507528214,0.03799189596826466,-48310.58189710116,-3167074.0263372087
748,2024-07-17 19:02:51.890411008,145.9601308059958,0.03811655036809118,-48310.58130066688,-3167074.0286937077
749,2024-07-17 19:12:52.328767232,145.9760180723423,0.0382412047679177,-48310.58069964873,-3167074.031055281
750,2024-07-17 19:22:52.767123200,145.99189688618458,0.03836585916769107,-48310.58009415047,-3167074.033421906
751,2024-07-17 19:32:53.205479424,146.007767259406,0.03849051356751759,-48310.57948427593,-3167074.035793564
752,2024-07-17 19:42:53.643835648,146.0236292038694,0.03861516796734411,-48310.578870128884,-3167074.038170233
753,2024-07-17 19:52:54.082191872,146.03948273144456,0.03873982236717063,-48310.57825181317,-3167074.0405518943
754,2024-07-17 20:02:54.520547840,146.0553278539945,0.038864476766944,-48310.577629432555,-3167074.0429385263
755,2024-07-17 20:12:54.958904064,146.07116458340235,0.03898913116677052,-48310.57700309084,-3167074.045330108
756,2024-07-17 20:22:55.397260288,146.08699293153106,0.03911378556659703,-48310.576372891825,-3167074.047726619
757,2024-07-17 20:32:55.835616512,146.10281291025044,0.03923843996642355,-48310.57573893929,-3167074.05012804
758,2024-07-17 20:42:56.273972480,146.11862453142348,0.03936309436619692,-48310.5751013371,-3167074.0525343507
759,2024-07-17 20:52:56.712328704,146.1344278069333,0.03948774876602344,-48310.57446018897,-3167074.054945529
760,2024-07-17 21:02:57.150684928,146.1502227486429,0.03961240316584996,-48310.57381559874,-3167074.0573615558
761,2024-07-17 21:12:57.589041152,146.16600936842212,0.039737057565676484,-48310.573167670234,-3167074.05978241
762,2024-07-17 21:22:58.027397376,146.1817876781405,0.039861711965503005,-48310.57251650717,-3167074.06220807
763,2024-07-17 21:32:58.465753344,146.19755768966115,0.039986366365276374,-48310.57186221343,-3167074.0646385183
764,2024-07-17 21:42:58.904109568,146.2133194148672,0.040111020765102895,-48310.571204892774,-3167074.0670737308
765,2024-07-17 21:52:59.342465792,146.22907286562165,0.04023567516492941,-48310.570544649,-3167074.0695136907
766,2024-07-17 22:02:59.780822016,146.24481805379432,0.04036032956475592,-48310.56988158592,-3167074.071958374
767,2024-07-17 22:13:00.219177984,146.26055499124803,0.0404849839645293,-48310.56921580732,-3167074.074407763
768,2024-07-17 22:23:00.657534208,146.27628368986606,0.04060963836435581,-48310.568547417,-3167074.076861836
769,2024-07-17 22:33:01.095890432,146.2920041615114,0.040734292764182334,-48310.56787651877,-3167074.079320573
770,2024-07-17 22:43:01.534246656,146.30771641805376,0.040858947164008855,-48310.56720321641,-3167074.0817839517
771,2024-07-17 22:53:01.972602624,146.32342047135617,0.040983601563782224,-48310.56652761373,-3167074.084251954
772,2024-07-17 23:03:02.410958848,146.33911633330172,0.041108255963608745,-48310.56584981453,-3167074.086724559
773,2024-07-17 23:13:02.849315072,146.35480401575347,0.041232910363435266,-48310.56516992259,-3167074.0892017456
774,2024-07-17 23:23:03.287671296,146.3704835305812,0.04135756476326178,-48310.564488041746,-3167074.0916834925
775,2024-07-17 23:33:03.726027520,146.38615488965442,0.0414822191630883,-48310.56380427576,-3167074.0941697806
776,2024-07-17 23:43:04.164383488,146.4018181048364,0.04160687356286167,-48310.56311872844,-3167074.0966605884
777,2024-07-17 23:53:04.602739712,146.4174731880101,0.04173152796268819,-48310.56243150358,-3167074.0991558977
778,2024-07-18 00:03:05.041095936,146.4331201510386,0.041856182362514704,-48310.56174270501,-3167074.1016556844
779,2024-07-18 00:13:05.479452160,146.44875900579166,0.041980836762341225,-48310.56105243649,-3167074.1041599307
780,2024-07-18 00:23:05.917808128,146.46438976413228,0.042105491162114594,-48310.560360801835,-3167074.1066686157
781,2024-07-18 00:33:06.356164352,146.48001243794351,0.042230145561941115,-48310.55966790483,-3167074.1091817184
782,2024-07-18 00:43:06.794520576,146.49562703908842,0.042354799961767636,-48310.5589738493,-3167074.111699218
783,2024-07-18 00:53:07.232876800,146.51123357943675,0.04247945436159416,-48310.558278739016,-3167074.1142210965
784,2024-07-18 01:03:07.671232768,146.52683207085153,0.042604108761367526,-48310.55758267779,-3167074.1167473295
785,2024-07-18 01:13:08.109588992,146.5424225252158,0.04272876316119405,-48310.556885769416,-3167074.1192778996
786,2024-07-18 01:23:08.547945216,146.55800495439274,0.04285341756102056,-48310.55618811771,-3167074.1218127836
787,2024-07-18 01:33:08.986301440,146.57357937025188,0.042978071960847075,-48310.555489826445,-3167074.124351964
788,2024-07-18 01:43:09.424657408,146.58914578465644,0.04310272636062045,-48310.55479099943,-3167074.1268954175
789,2024-07-18 01:53:09.863013632,146.60470420948934,0.043227380760446965,-48310.55409174045,-3167074.1294431267
790,2024-07-18 02:03:10.301369856,146.62025465661372,0.043352035160273486,-48310.55339215333,-3167074.1319950684
791,2024-07-18 02:13:10.739726080,146.6357971378993,0.04347668956010001,-48310.552692341866,-3167074.1345512243
792,2024-07-18 02:23:11.178082304,146.65133166521574,0.04360134395992653,-48310.551992409826,-3167074.137111571
793,2024-07-18 02:33:11.616438272,146.66685825042617,0.0437259983596999,-48310.55129246103,-3167074.139676092
794,2024-07-18 02:43:12.054794496,146.68237690541366,0.04385065275952642,-48310.55059259928,-3167074.142244763
795,2024-07-18 02:53:12.493150720,146.69788764204114,0.04397530715935293,-48310.549892928364,-3167074.144817566
796,2024-07-18 03:03:12.931506944,146.71339047217842,0.04409996155917945,-48310.549193552084,-3167074.1473944797
797,2024-07-18 03:13:13.369862912,146.7288854076886,0.04422461595895282,-48310.54849457424,-3167074.149975483
798,2024-07-18 03:23:13.808219136,146.74437246045466,0.04434927035877934,-48310.547796098625,-3167074.152560557
799,2024-07-18 03:33:14.246575360,146.75985164233964,0.04447392475860586,-48310.54709822905,-3167074.155149679
800,2024-07-18 03:43:14.684931584,146.7753229652133,0.04459857915843238,-48310.546401069296,-3167074.157742831
801,2024-07-18 03:53:15.123287552,146.79078644093877,0.04472323355820575,-48310.54570472316,-3167074.1603399906
802,2024-07-18 04:03:15.561643776,146.80624208139895,0.04484788795803227,-48310.545009294474,-3167074.1629411383
803,2024-07-18 04:13:16.000000000,146.82168989845698,0.04497254235785879,-48310.544314886996,-3167074.165546253
804,2024-07-18 04:23:16.438356224,146.83712990398257,0.04509719675768531,-48310.54362160455,-3167074.168155315
805,2024-07-18 04:33:16.876712448,146.85256210984545,0.04522185115751182,-48310.542929550924,-3167074.1707683033
806,2024-07-18 04:43:17.315068416,146.86798652790876,0.0453465055572852,-48310.542238829905,-3167074.1733851973
807,2024-07-18 04:53:17.753424640,146.88340317005537,0.04547115995711171,-48310.54154954532,-3167074.176005977
808,2024-07-18 05:03:18.191780864,146.89881204814844,0.04559581435693823,-48310.54086180094,-3167074.178630621
809,2024-07-18 05:13:18.630137088,146.9142131740577,0.04572046875676475,-48310.54017570058,-3167074.1812591106
810,2024-07-18 05:23:19.068493056,146.92960655964632,0.04584512315653812,-48310.53949134804,-3167074.1838914235
811,2024-07-18 05:33:19.506849280,146.94499221679703,0.04596977755636464,-48310.5388088471,-3167074.1865275404
812,2024-07-18 05:43:19.945205504,146.96037015737315,0.04609443195619116,-48310.538128301574,-3167074.1891674395
813,2024-07-18 05:53:20.383561728,146.97574039324434,0.04621908635601768,-48310.53744981527,-3167074.191811101
814,2024-07-18 06:03:20.821917696,146.9911029362737,0.04634374075579105,-48310.53677349195,-3167074.1944585065
815,2024-07-18 06:13:21.260273920,147.00645779834417,0.04646839515561757,-48310.53609943545,-3167074.197109632
816,2024-07-18 06:23:21.698630144,147.0218049913189,0.04659304955544409,-48310.53542774954,-3167074.1997644585
817,2024-07-18 06:33:22.136986368,147.03714452706748,0.046717703955270605,-48310.53475853804,-3167074.202422966
818,2024-07-18 06:43:22.575342592,147.05247641745981,0.04684235835509712,-48310.534091904745,-3167074.2050851337
819,2024-07-18 06:53:23.013698560,147.06780067435895,0.046967012754870495,-48310.53342795343,-3167074.2077509407
820,2024-07-18 07:03:23.452054784,147.08311730964778,0.04709166715469701,-48310.532766787925,-3167074.2104203682
821,2024-07-18 07:13:23.890411008,147.09842633518943,0.04721632155452353,-48310.53210851201,-3167074.213093393
822,2024-07-18 07:23:24.328767232,147.1137277628536,0.04734097595435005,-48310.5314532295,-3167074.2157699964
823,2024-07-18 07:33:24.767123200,147.1290216045036,0.04746563035412342,-48310.53080104416,-3167074.2184501574
824,2024-07-18 07:43:25.205479424,147.1443078720221,0.04759028475394994,-48310.53015205982,-3167074.2211338566
825,2024-07-18 07:53:25.643835648,147.1595865772723,0.04771493915377646,-48310.52950638028,-3167074.2238210714
826,2024-07-18 08:03:26.082191872,147.174857732124,0.047839593553602976,-48310.52886410932,-3167074.2265117844
827,2024-07-18 08:13:26.520547840,147.1901213484403,0.04796424795337635,-48310.52822535074,-3167074.229205971
828,2024-07-18 08:23:26.958904064,147.205377438104,0.048088902353202866,-48310.527590208345,-3167074.2319036145
829,2024-07-18 08:33:27.397260288,147.22062601297833,0.04821355675302939,-48310.52695878593,-3167074.234604692
830,2024-07-18 08:43:27.835616512,147.235867084933,0.0483382111528559,-48310.526331187306,-3167074.237309185
831,2024-07-18 08:53:28.273972480,147.25110066583125,0.048462865552629276,-48310.525707516244,-3167074.240017071
832,2024-07-18 09:03:28.712328704,147.26632676755577,0.04858751995245579,-48310.52508787657,-3167074.24272833
833,2024-07-18 09:13:29.150684928,147.28154540196974,0.04871217435228231,-48310.524472372075,-3167074.2454429427
834,2024-07-18 09:23:29.589041152,147.29675658094297,0.04883682875210883,-48310.523861106536,-3167074.248160888
835,2024-07-18 09:33:30.027397376,147.31196031634514,0.04896148315193535,-48310.523254183776,-3167074.250882145
836,2024-07-18 09:43:30.465753344,147.3271566200395,0.04908613755170872,-48310.52265170759,-3167074.253606694
837,2024-07-18 09:53:30.904109568,147.3423455039087,0.04921079195153524,-48310.52205378178,-3167074.2563345134
838,2024-07-18 10:03:31.342465792,147.35752697981604,0.04933544635136176,-48310.52146051013,-3167074.2590655833
839,2024-07-18 10:13:31.780822016,147.37270105963117,0.04946010075118827,-48310.52087199644,-3167074.2617998845
840,2024-07-18 10:23:32.219177984,147.38786775521743,0.04958475515096165,-48310.52028834451,-3167074.264537394
841,2024-07-18 10:33:32.657534208,147.4030270784574,0.04970940955078816,-48310.51970965816,-3167074.267278093
842,2024-07-18 10:43:33.095890432,147.4181790412144,0.04983406395061468,-48310.51913604115,-3167074.270021961
843,2024-07-18 10:53:33.534246656,147.4333236553581,0.0499587183504412,-48310.51856759732,-3167074.272768977
844,2024-07-18 11:03:33.972602624,147.44846093275177,0.05008337275021457,-48310.51800443043,-3167074.27551912
845,2024-07-18 11:13:34.410958848,147.46359088527808,0.05020802715004109,-48310.5174466443,-3167074.2782723713
846,2024-07-18 11:23:34.849315072,147.4787135248003,0.050332681549867614,-48310.51689434272,-3167074.2810287094
847,2024-07-18 11:33:35.287671296,147.49382886318807,0.05045733594969413,-48310.5163476295,-3167074.2837881134
848,2024-07-18 11:43:35.726027520,147.50893691231116,0.05058199034952065,-48310.515806608426,-3167074.2865505633
849,2024-07-18 11:53:36.164383488,147.52403768403292,0.05070664474929402,-48310.5152713833,-3167074.2893160386
850,2024-07-18 12:03:36.602739712,147.53913119023588,0.05083129914912054,-48310.51474205792,-3167074.2920845174
851,2024-07-18 12:13:37.041095936,147.5542174427833,0.05095595354894705,-48310.51421873608,-3167074.294855982
852,2024-07-18 12:23:37.479452160,147.56929645354492,0.051080607948773574,-48310.51370152159,-3167074.29763041
853,2024-07-18 12:33:37.917808128,147.5843682343841,0.05120526234854694,-48310.51319051824,-3167074.3004077817
854,2024-07-18 12:43:38.356164352,147.59943279718337,0.051329916748373464,-48310.51268582984,-3167074.3031880762
855,2024-07-18 12:53:38.794520576,147.61449015380597,0.051454571148199985,-48310.51218756017,-3167074.305971273
856,2024-07-18 13:03:39.232876800,147.62954031612168,0.051579225548026505,-48310.511695813046,-3167074.3087573517
857,2024-07-18 13:13:39.671232768,147.64458329599384,0.051703879947799875,-48310.511210692246,-3167074.3115462926
858,2024-07-18 13:23:40.109588992,147.65961910530493,0.051828534347626395,-48310.510732301576,-3167074.3143380736
859,2024-07-18 13:33:40.547945216,147.67464775591833,0.05195318874745291,-48310.51026074485,-3167074.3171326756
860,2024-07-18 13:43:40.986301440,147.6896692597037,0.05207784314727942,-48310.50979612586,-3167074.3199300775
861,2024-07-18 13:53:41.424657408,147.70468362852435,0.0522024975470528,-48310.50933854838,-3167074.322730258
862,2024-07-18 14:03:41.863013632,147.71969087426288,0.05232715194687931,-48310.50888811625,-3167074.3255331996
863,2024-07-18 14:13:42.301369856,147.7346910087825,0.052451806346705834,-48310.50844493323,-3167074.3283388778
864,2024-07-18 14:23:42.739726080,147.74968404395307,0.052576460746532355,-48310.50800910313,-3167074.331147276
865,2024-07-18 14:33:43.178082304,147.7646699916442,0.052701115146358876,-48310.507580729754,-3167074.33395837
866,2024-07-18 14:43:43.616438272,147.7796488637193,0.052825769546132245,-48310.50715991691,-3167074.336772143
867,2024-07-18 14:53:44.054794496,147.79462067206077,0.052950423945958766,-48310.506746768384,-3167074.339588571
868,2024-07-18 15:03:44.493150720,147.80958542853205,0.05307507834578528,-48310.506341387954,-3167074.342407635
869,2024-07-18 15:13:44.931506944,147.8245431450028,0.0531997327456118,-48310.50594387947,-3167074.3452293165
870,2024-07-18 15:23:45.369862912,147.83949383333643,0.05332438714538517,-48310.50555434667,-3167074.348053592
871,2024-07-18 15:33:45.808219136,147.85443750541535,0.05344904154521169,-48310.505172893405,-3167074.350880442
872,2024-07-18 15:43:46.246575360,147.8693741731029,0.05357369594503821,-48310.50479962345,-3167074.353709847
873,2024-07-18 15:53:46.684931584,147.8843038482688,0.053698350344864726,-48310.50443464059,-3167074.3565417863
874,2024-07-18 16:03:47.123287552,147.89922654277643,0.0538230047446381,-48310.504078048645,-3167074.359376238
875,2024-07-18 16:13:47.561643776,147.9141422685083,0.053947659144464616,-48310.50372995141,-3167074.3622131827
876,2024-07-18 16:23:48.000000000,147.9290510373277,0.05407231354429114,-48310.50339045268,-3167074.3650526004
877,2024-07-18 16:33:48.438356224,147.94395286110432,0.05419696794411766,-48310.50305965624,-3167074.3678944698
878,2024-07-18 16:43:48.876712448,147.95884775170796,0.05432162234394417,-48310.5027376659,-3167074.3707387703
879,2024-07-18 16:53:49.315068416,147.973735721002,0.05444627674371755,-48310.50242458547,-3167074.3735854817
880,2024-07-18 17:03:49.753424640,147.9886167808687,0.05457093114354406,-48310.50212051873,-3167074.376434584
881,2024-07-18 17:13:50.191780864,148.00349094317164,0.05469558554337058,-48310.501825569496,-3167074.379286056
882,2024-07-18 17:23:50.630137088,148.0183582197804,0.0548202399431971,-48310.50153984155,-3167074.382139877
883,2024-07-18 17:33:51.068493056,148.03321862255848,0.05494489434297047,-48310.501263438695,-3167074.384996028
884,2024-07-18 17:43:51.506849280,148.04807216338813,0.055069548742796987,-48310.50099646473,-3167074.3878544867
885,2024-07-18 17:53:51.945205504,148.06291885413287,0.05519420314262351,-48310.50073902346,-3167074.390715234
886,2024-07-18 18:03:52.383561728,148.07775870666237,0.05531885754245003,-48310.50049121867,-3167074.3935782486
887,2024-07-18 18:13:52.821917696,148.09259173284002,0.0554435119422234,-48310.500253154176,-3167074.3964435095
888,2024-07-18 18:23:53.260273920,148.10741794454822,0.05556816634204992,-48310.50002493375,-3167074.399310998
889,2024-07-18 18:33:53.698630144,148.1222373536503,0.05569282074187643,-48310.499806661224,-3167074.402180693
890,2024-07-18 18:43:54.136986368,148.13704997201603,0.05581747514170295,-48310.49959844038,-3167074.4050525725
891,2024-07-18 18:53:54.575342592,148.15185581151513,0.055942129541529474,-48310.49940037499,-3167074.4079266186
892,2024-07-18 19:03:55.013698560,148.16665488401105,0.05606678394130284,-48310.49921256892,-3167074.4108028086
893,2024-07-18 19:13:55.452054784,148.18144720138608,0.056191438341129364,-48310.49903512589,-3167074.413681123
894,2024-07-18 19:23:55.890411008,148.19623277550363,0.05631609274095588,-48310.49886814975,-3167074.416561541
895,2024-07-18 19:33:56.328767232,148.2110116182334,0.0564407471407824,-48310.49871174428,-3167074.4194440427
896,2024-07-18 19:43:56.767123200,148.22578374143893,0.05656540154055577,-48310.498566013266,-3167074.4223286067
897,2024-07-18 19:53:57.205479424,148.24054915700242,0.05669005594038229,-48310.498431060536,-3167074.4252152126
898,2024-07-18 20:03:57.643835648,148.25530787678733,0.05681471034020881,-48310.49830698987,-3167074.4281038423
899,2024-07-18 20:13:58.082191872,148.27005991266338,0.056939364740035324,-48310.498193905085,-3167074.4309944715
900,2024-07-18 20:23:58.520547840,148.284805276494,0.0570640191398087,-48310.49809190995,-3167074.4338870817
901,2024-07-18 20:33:58.958904064,148.2995439801615,0.057188673539635214,-48310.498001108266,-3167074.436781653
902,2024-07-18 20:43:59.397260288,148.3142760355293,0.057313327939461735,-48310.49792160386,-3167074.4396781637
903,2024-07-18 20:53:59.835616512,148.3290014544672,0.057437982339288256,-48310.497853500514,-3167074.4425765937
904,2024-07-18 21:04:00.273972480,148.3437202488385,0.057562636739061625,-48310.49779690202,-3167074.4454769227
905,2024-07-18 21:14:00.712328704,148.35843243052562,0.057687291138888146,-48310.49775191218,-3167074.4483791315
906,2024-07-18 21:24:01.150684928,148.37313801139186,0.05781194553871466,-48310.4977186348,-3167074.451283197
907,2024-07-18 21:34:01.589041152,148.38783700330706,0.05793659993854118,-48310.497697173676,-3167074.4541891
908,2024-07-18 21:44:02.027397376,148.40252941814086,0.058061254338367695,-48310.497687632596,-3167074.4570968198
909,2024-07-18 21:54:02.465753344,148.4172152677568,0.05818590873814107,-48310.49769011537,-3167074.460006336
910,2024-07-18 22:04:02.904109568,148.4318945640371,0.058310563137967585,-48310.497704725785,-3167074.462917629
911,2024-07-18 22:14:03.342465792,148.44656731884515,0.058435217537794105,-48310.49773156765,-3167074.465830678
912,2024-07-18 22:24:03.780822016,148.46123354405083,0.058559871937620626,-48310.49777074477,-3167074.468745462
913,2024-07-18 22:34:04.219177984,148.4758932515174,0.058684526337393995,-48310.49782236092,-3167074.47166196
914,2024-07-18 22:44:04.657534208,148.49054645312725,0.058809180737220516,-48310.497886519915,-3167074.474580153
915,2024-07-18 22:54:05.095890432,148.50519316074377,0.05893383513704703,-48310.49796332555,-3167074.4775000187
916,2024-07-18 23:04:05.534246656,148.5198333862367,0.05905848953687355,-48310.49805288163,-3167074.480421538
917,2024-07-18 23:14:05.972602624,148.53446714146955,0.05918314393664692,-48310.498155291934,-3167074.4833446904
918,2024-07-18 23:24:06.410958848,148.5490944383245,0.05930779833647344,-48310.49827066028,-3167074.486269454
919,2024-07-18 23:34:06.849315072,148.56371528866504,0.05943245273629996,-48310.49839909046,-3167074.4891958106
920,2024-07-18 23:44:07.287671296,148.57832970436087,0.059557107136126476,-48310.49854068627,-3167074.4921237384
921,2024-07-18 23:54:07.726027520,148.5929376972817,0.059681761535953,-48310.498695551505,-3167074.495053216
922,2024-07-19 00:04:08.164383488,148.60753927929107,0.059806415935726366,-48310.49886378997,-3167074.497984225
923,2024-07-19 00:14:08.602739712,148.62213446227116,0.05993107033555289,-48310.499045505465,-3167074.500916743
924,2024-07-19 00:24:09.041095936,148.63672325808542,0.06005572473537941,-48310.499240801786,-3167074.503850751
925,2024-07-19 00:34:09.479452160,148.6513056786036,0.06018037913520592,-48310.49944978273,-3167074.506786228
926,2024-07-19 00:44:09.917808128,148.6658817356892,0.0603050335349793,-48310.49967255209,-3167074.509723153
927,2024-07-19 00:54:10.356164352,148.68045144122433,0.06042968793480581,-48310.499909213664,-3167074.512661506
928,2024-07-19 01:04:10.794520576,148.69501480707257,0.06055434233463233,-48310.50015987127,-3167074.515601267
929,2024-07-19 01:14:11.232876800,148.7095718451036,0.060678996734458854,-48310.50042462868,-3167074.5185424145
930,2024-07-19 01:24:11.671232768,148.72412256718098,0.06080365113423222,-48310.500703589714,-3167074.5214849277
931,2024-07-19 01:34:12.109588992,148.7386669851868,0.060928305534058744,-48310.500996858165,-3167074.5244287876
932,2024-07-19 01:44:12.547945216,148.75320511098457,0.06105295993388526,-48310.501304537815,-3167074.5273739737
933,2024-07-19 01:54:12.986301440,148.767736956444,0.06117761433371178,-48310.50162673248,-3167074.530320464
934,2024-07-19 02:04:13.424657408,148.78226253342868,0.06130226873348515,-48310.501963545954,-3167074.5332682393
935,2024-07-19 02:14:13.863013632,148.7967818538207,0.06142692313331167,-48310.50231508204,-3167074.536217279
936,2024-07-19 02:24:14.301369856,148.81129492948355,0.06155157753313818,-48310.502681444545,-3167074.5391675616
937,2024-07-19 02:34:14.739726080,148.82580177228695,0.061676231932964704,-48310.50306273722,-3167074.5421190676
938,2024-07-19 02:44:15.178082304,148.8403023941007,0.061800886332791224,-48310.50345906391,-3167074.545071777
939,2024-07-19 02:54:15.616438272,148.85479680678827,0.06192554073256459,-48310.503870528395,-3167074.5480256677
940,2024-07-19 03:04:16.054794496,148.86928502223176,0.062050195132391114,-48310.50429723449,-3167074.5509807197
941,2024-07-19 03:14:16.493150720,148.88376705229473,0.06217484953221763,-48310.50473928599,-3167074.5539369145
942,2024-07-19 03:24:16.931506944,148.8982429088468,0.06229950393204415,-48310.50519678666,-3167074.556894229
943,2024-07-19 03:34:17.369862912,148.91271260375171,0.06242415833181752,-48310.50566984035,-3167074.559852644
944,2024-07-19 03:44:17.808219136,148.9271761488914,0.06254881273164403,-48310.50615855081,-3167074.562812139
945,2024-07-19 03:54:18.246575360,148.9416335561294,0.06267346713147057,-48310.50666302186,-3167074.565772692
946,2024-07-19 04:04:18.684931584,148.95608483733548,0.06279812153129707,-48310.5071833573,-3167074.568734285
947,2024-07-19 04:14:19.123287552,148.97053000437324,0.06292277593107046,-48310.50771966095,-3167074.5716968966
948,2024-07-19 04:24:19.561643776,148.98496906912462,0.06304743033089696,-48310.50827203656,-3167074.5746605056
949,2024-07-19 04:34:20.000000000,148.99940204345327,0.06317208473072349,-48310.50884058796,-3167074.577625092
950,2024-07-19 04:44:20.438356224,149.01382893922886,0.06329673913055,-48310.50942541895,-3167074.580590636
951,2024-07-19 04:54:20.876712448,149.02824976832116,0.06342139353037651,-48310.51002663331,-3167074.5835571154
952,2024-07-19 05:04:21.315068416,149.04266454259368,0.0635460479301499,-48310.510644334856,-3167074.5865245117
953,2024-07-19 05:14:21.753424640,149.0570732739285,0.0636707023299764,-48310.511278627375,-3167074.589492803
954,2024-07-19 05:24:22.191780864,149.07147597418916,0.06379535672980294,-48310.511929614666,-3167074.5924619697
955,2024-07-19 05:34:22.630137088,149.08587265524537,0.06392001112962944,-48310.512597400535,-3167074.59543199
956,2024-07-19 05:44:23.068493056,149.10026332896075,0.06404466552940283,-48310.51328208877,-3167074.5984028447
957,2024-07-19 05:54:23.506849280,149.11464800721728,0.06416931992922933,-48310.51398378318,-3167074.601374514
958,2024-07-19 06:04:23.945205504,149.12902670187856,0.06429397432905586,-48310.514702587556,-3167074.604346975
959,2024-07-19 06:14:24.383561728,149.14339942481428,0.06441862872888238,-48310.51543860571,-3167074.607320209
960,2024-07-19 06:24:24.821917696,149.15776618788803,0.06454328312865575,-48310.51619194141,-3167074.610294196
961,2024-07-19 06:34:25.260273920,149.17212700298182,0.06466793752848227,-48310.5169626985,-3167074.6132689132
962,2024-07-19 06:44:25.698630144,149.18648188195925,0.06479259192830877,-48310.517750980725,-3167074.6162443417
963,2024-07-19 06:54:26.136986368,149.20083083669005,0.06491724632813531,-48310.51855689193,-3167074.619220462
964,2024-07-19 07:04:26.575342592,149.21517387904387,0.06504190072796182,-48310.51938053589,-3167074.622197252
965,2024-07-19 07:14:27.013698560,149.22951102088436,0.0651665551277352,-48310.5202220164,-3167074.625174693
966,2024-07-19 07:24:27.452054784,149.2438422740935,0.0652912095275617,-48310.52108143726,-3167074.6281527616
967,2024-07-19 07:34:27.890411008,149.25816765053486,0.06541586392738823,-48310.52195890229,-3167074.6311314395
968,2024-07-19 07:44:28.328767232,149.2724871620782,0.06554051832721475,-48310.52285451526,-3167074.634110705
969,2024-07-19 07:54:28.767123200,149.2868008205871,0.06566517272698812,-48310.52376837998,-3167074.6370905396
970,2024-07-19 08:04:29.205479424,149.30110863794343,0.06578982712681464,-48310.52470060027,-3167074.6400709203
971,2024-07-19 08:14:29.643835648,149.31541062601093,0.06591448152664116,-48310.52565127988,-3167074.6430518283
972,2024-07-19 08:24:30.082191872,149.3297067966593,0.06603913592646768,-48310.52662052265,-3167074.6460332433
973,2024-07-19 08:34:30.520547840,149.34399716175213,0.06616379032624105,-48310.52760843236,-3167074.6490151435
974,2024-07-19 08:44:30.958904064,149.3582817331713,0.06628844472606757,-48310.52861511281,-3167074.6519975094
975,2024-07-19 08:54:31.397260288,149.3725605227805,0.06641309912589408,-48310.52964066781,-3167074.6549803196
976,2024-07-19 09:04:31.835616512,149.38683354244947,0.06653775352572061,-48310.53068520113,-3167074.6579635553
977,2024-07-19 09:14:32.273972480,149.4011008040418,0.06666240792549397,-48310.531748816604,-3167074.660947194
978,2024-07-19 09:24:32.712328704,149.4153623194393,0.0667870623253205,-48310.53283161801,-3167074.6639312166
979,2024-07-19 09:34:33.150684928,149.4296181005058,0.06691171672514701,-48310.53393370916,-3167074.666915603
980,2024-07-19 09:44:33.589041152,149.44386815911085,0.06703637112497353,-48310.535055193825,-3167074.669900331
981,2024-07-19 09:54:34.027397376,149.45811250712424,0.06716102552480005,-48310.536196175824,-3167074.6728853816
982,2024-07-19 10:04:34.465753344,149.47235115640964,0.06728567992457342,-48310.537356758956,-3167074.6758707333
983,2024-07-19 10:14:34.904109568,149.48658411884887,0.06741033432439994,-48310.53853704702,-3167074.6788563663
984,2024-07-19 10:24:35.342465792,149.50081140630562,0.06753498872422645,-48310.5397371438,-3167074.6818422605
985,2024-07-19 10:34:35.780822016,149.5150330306496,0.06765964312405298,-48310.54095715311,-3167074.6848283936
986,2024-07-19 10:44:36.219177984,149.52924900374444,0.06778429752382634,-48310.542197178744,-3167074.6878147474
987,2024-07-19 10:54:36.657534208,149.54345933747203,0.06790895192365287,-48310.54345732449,-3167074.6908013
988,2024-07-19 11:04:37.095890432,149.55766404369604,0.06803360632347938,-48310.54473769417,-3167074.6937880316
989,2024-07-19 11:14:37.534246656,149.5718631342861,0.0681582607233059,-48310.54603839155,-3167074.6967749214
990,2024-07-19 11:24:37.972602624,149.586056621106,0.06828291512307927,-48310.54735952046,-3167074.699761949
991,2024-07-19 11:34:38.410958848,149.60024451603746,0.06840756952290579,-48310.54870118468,-3167074.7027490935
992,2024-07-19 11:44:38.849315072,149.61442683094424,0.06853222392273231,-48310.550063488,-3167074.705736335
993,2024-07-19 11:54:39.287671296,149.628603577696,0.06865687832255882,-48310.55144653425,-3167074.708723653
994,2024-07-19 12:04:39.726027520,149.64277476816252,0.06878153272238535,-48310.55285042721,-3167074.7117110267
995,2024-07-19 12:14:40.164383488,149.65694041420738,0.06890618712215871,-48310.55427527065,-3167074.7146984353
996,2024-07-19 12:24:40.602739712,149.6711005277125,0.06903084152198524,-48310.55572116842,-3167074.7176858597
997,2024-07-19 12:34:41.041095936,149.68525512054146,0.06915549592181175,-48310.557188224295,-3167074.720673278
998,2024-07-19 12:44:41.479452160,149.69940420456405,0.06928015032163827,-48310.55867654207,-3167074.7236606698
999,2024-07-19 12:54:41.917808128,149.71354779164398,0.06940480472141164,-48310.560186225535,-3167074.726648016
1000,2024-07-19 13:04:42.356164352,149.72768589366297,0.06952945912123816,-48310.56171737851,-3167074.729635294
1001,2024-07-19 13:14:42.794520576,149.74181852248466,0.06965411352106468,-48310.56327010477,-3167074.7326224856
1002,2024-07-19 13:24:43.232876800,149.75594568997894,0.0697787679208912,-48310.564844508146,-3167074.735609569
1003,2024-07-19 13:34:43.671232768,149.77006740800942,0.06990342232066457,-48310.5664406924,-3167074.738596523
1004,2024-07-19 13:44:44.109588992,149.7841836884578,0.07002807672049109,-48310.56805876136,-3167074.741583329
1005,2024-07-19 13:54:44.547945216,149.7982945431879,0.07015273112031761,-48310.5696988188,-3167074.744569965
1006,2024-07-19 14:04:44.986301440,149.81239998406934,0.07027738552014412,-48310.57136096853,-3167074.747556412
1007,2024-07-19 14:14:45.424657408,149.8265000229659,0.0704020399199175,-48310.57304531435,-3167074.750542648
1008,2024-07-19 14:24:45.863013632,149.8405946717593,0.07052669431974401,-48310.574751960055,-3167074.7535286522
1009,2024-07-19 14:34:46.301369856,149.85468394231327,0.07065134871957054,-48310.576481009455,-3167074.756514406
1010,2024-07-19 14:44:46.739726080,149.8687678464975,0.07077600311939705,-48310.578232566324,-3167074.7594998884
1011,2024-07-19 14:54:47.178082304,149.88284639618172,0.07090065751922357,-48310.58000673448,-3167074.7624850785
1012,2024-07-19 15:04:47.616438272,149.89691960322966,0.07102531191899694,-48310.581803617715,-3167074.765469955
1013,2024-07-19 15:14:48.054794496,149.91098747952302,0.07114996631882346,-48310.58362331982,-3167074.7684544986
1014,2024-07-19 15:24:48.493150720,149.92505003692557,0.07127462071864998,-48310.58546594461,-3167074.771438689
1015,2024-07-19 15:34:48.931506944,149.93910728730697,0.07139927511847649,-48310.587331595874,-3167074.7744225045
1016,2024-07-19 15:44:49.369862912,149.953159242531,0.07152392951824987,-48310.58922037742,-3167074.7774059256
1017,2024-07-19 15:54:49.808219136,149.96720591447934,0.07164858391807638,-48310.59113239302,-3167074.7803889317
1018,2024-07-19 16:04:50.246575360,149.98124731501574,0.07177323831790292,-48310.5930677465,-3167074.7833715016
1019,2024-07-19 16:14:50.684931584,149.99528345600987,0.07189789271772942,-48310.595026541654,-3167074.786353615
1020,2024-07-19 16:24:51.123287552,150.00931434932556,0.0720225471175028,-48310.59700888226,-3167074.789335252
1021,2024-07-19 16:34:51.561643776,150.02334000684445,0.07214720151732931,-48310.59901487213,-3167074.792316392
1022,2024-07-19 16:44:52.000000000,150.0373604404302,0.07227185591715583,-48310.60104461506,-3167074.7952970155
1023,2024-07-19 16:54:52.438356224,150.0513756619527,0.07239651031698235,-48310.60309821486,-3167074.7982771
1024,2024-07-19 17:04:52.876712448,150.06538568328148,0.07252116471680886,-48310.605175775316,-3167074.8012566264
1025,2024-07-19 17:14:53.315068416,150.07939051628045,0.07264581911658224,-48310.60727740024,-3167074.8042355734
1026,2024-07-19 17:24:53.753424640,150.0933901728312,0.07277047351640875,-48310.60940319342,-3167074.8072139216
1027,2024-07-19 17:34:54.191780864,150.10738466479754,0.07289512791623529,-48310.611553258655,-3167074.8101916485
1028,2024-07-19 17:44:54.630137088,150.12137400404913,0.0730197823160618,-48310.61372769973,-3167074.813168736
1029,2024-07-19 17:54:55.068493056,150.13535820244968,0.07314443671583518,-48310.61592662046,-3167074.8161451616
1030,2024-07-19 18:04:55.506849280,150.149337271881,0.07326909111566168,-48310.618150124654,-3167074.8191209063
1031,2024-07-19 18:14:55.945205504,150.1633112242067,0.0733937455154882,-48310.62039831608,-3167074.82209595
1032,2024-07-19 18:24:56.383561728,150.1772800712965,0.07351839991531472,-48310.62267129855,-3167074.8250702703
1033,2024-07-19 18:34:56.821917696,150.1912438250143,0.0736430543150881,-48310.624969175886,-3167074.8280438483
1034,2024-07-19 18:44:57.260273920,150.20520249724166,0.07376770871491461,-48310.62729205184,-3167074.831016663
1035,2024-07-19 18:54:57.698630144,150.2191560998423,0.07389236311474114,-48310.62964003025,-3167074.833988693
1036,2024-07-19 19:04:58.136986368,150.23310464468597,0.07401701751456766,-48310.632013214905,-3167074.83695992
1037,2024-07-19 19:14:58.575342592,150.24704814364242,0.07414167191439416,-48310.63441170958,-3167074.839930321
1038,2024-07-19 19:24:59.013698560,150.26098660857542,0.07426632631416755,-48310.636835618105,-3167074.842899878
1039,2024-07-19 19:34:59.452054784,150.27492005136656,0.07439098071399405,-48310.639285044264,-3167074.845868568
1040,2024-07-19 19:44:59.890411008,150.28884848387963,0.07451563511382057,-48310.641760091865,-3167074.8488363735
1041,2024-07-19 19:55:00.328767232,150.30277191798433,0.0746402895136471,-48310.644260864676,-3167074.85180327
1042,2024-07-19 20:05:00.767123200,150.3166903655445,0.07476494391342046,-48310.64678746652,-3167074.854769241
1043,2024-07-19 20:15:01.205479424,150.33060383844173,0.07488959831324699,-48310.649340001204,-3167074.8577342643
1044,2024-07-19 20:25:01.643835648,150.34451234853972,0.0750142527130735,-48310.65191857252,-3167074.8606983195
1045,2024-07-19 20:35:02.082191872,150.35841590770826,0.07513890711290003,-48310.65452328424,-3167074.863661385
1046,2024-07-19 20:45:02.520547840,150.37231452781114,0.0752635615126734,-48310.6571542402,-3167074.866623442
1047,2024-07-19 20:55:02.958904064,150.38620822072994,0.07538821591249992,-48310.65981154418,-3167074.86958447
1048,2024-07-19 21:05:03.397260288,150.40009699832842,0.07551287031232642,-48310.66249529997,-3167074.8725444484
1049,2024-07-19 21:15:03.835616512,150.41398087247634,0.07563752471215296,-48310.66520561138,-3167074.875503355
1050,2024-07-19 21:25:04.273972480,150.42785985503752,0.07576217911192631,-48310.667942582215,-3167074.878461172
1051,2024-07-19 21:35:04.712328704,150.4417339578934,0.07588683351175285,-48310.67070631626,-3167074.8814178756
1052,2024-07-19 21:45:05.150684928,150.45560319290794,0.07601148791157936,-48310.67349691733,-3167074.884373449
1053,2024-07-19 21:55:05.589041152,150.4694675719508,0.07613614231140588,-48310.676314489196,-3167074.8873278694
1054,2024-07-19 22:05:06.027397376,150.4833271068917,0.0762607967112324,-48310.679159135674,-3167074.8902811157
1055,2024-07-19 22:15:06.465753344,150.4971818095944,0.07638545111100577,-48310.68203096057,-3167074.8932331703
1056,2024-07-19 22:25:06.904109568,150.51103169194053,0.07651010551083229,-48310.68493006768,-3167074.8961840104
1057,2024-07-19 22:35:07.342465792,150.5248767657938,0.0766347599106588,-48310.68785656076,-3167074.899133616
1058,2024-07-19 22:45:07.780822016,150.53871704302406,0.07675941431048533,-48310.69081054368,-3167074.9020819673
1059,2024-07-19 22:55:08.219177984,150.55255253549504,0.07688406871025869,-48310.69379212018,-3167074.905029043
1060,2024-07-19 23:05:08.657534208,150.5663832550883,0.07700872311008522,-48310.69680139409,-3167074.907974823
1061,2024-07-19 23:15:09.095890432,150.58020921366764,0.07713337750991173,-48310.6998384692,-3167074.9109192863
1062,2024-07-19 23:25:09.534246656,150.5940304231028,0.07725803190973825,-48310.702903449295,-3167074.9138624133
1063,2024-07-19 23:35:09.972602624,150.60784689525755,0.07738268630951162,-48310.7059964382,-3167074.9168041833
1064,2024-07-19 23:45:10.410958848,150.6216586420135,0.07750734070933814,-48310.70911753969,-3167074.919744575
1065,2024-07-19 23:55:10.849315072,150.6354656752344,0.07763199510916466,-48310.71226685758,-3167074.922683569
1066,2024-07-20 00:05:11.287671296,150.64926800679004,0.07775664950899117,-48310.715444495654,-3167074.9256211445
1067,2024-07-20 00:15:11.726027520,150.66306564855006,0.0778813039088177,-48310.71865055773,-3167074.9285572805
1068,2024-07-20 00:25:12.164383488,150.67685861237834,0.07800595830859106,-48310.72188514757,-3167074.9314919566
1069,2024-07-20 00:35:12.602739712,150.69064691015635,0.07813061270841759,-48310.725148369005,-3167074.934425153
1070,2024-07-20 00:45:13.041095936,150.70443055374795,0.0782552671082441,-48310.72844032582,-3167074.937356848
1071,2024-07-20 00:55:13.479452160,150.7182095550229,0.07837992150807062,-48310.73176112183,-3167074.9402870233
1072,2024-07-20 01:05:13.917808128,150.731983925845,0.07850457590784399,-48310.73511086081,-3167074.943215656
1073,2024-07-20 01:15:14.356164352,150.7457536780957,0.07862923030767051,-48310.73848964658,-3167074.9461427275
1074,2024-07-20 01:25:14.794520576,150.7595188236388,0.07875388470749703,-48310.74189758291,-3167074.9490682166
1075,2024-07-20 01:35:15.232876800,150.77327937434424,0.07887853910732355,-48310.74533477362,-3167074.9519921015
1076,2024-07-20 01:45:15.671232768,150.78703534207565,0.07900319350709692,-48310.74880132251,-3167074.954914364
1077,2024-07-20 01:55:16.109588992,150.8007867387146,0.07912784790692344,-48310.75229733336,-3167074.9578349832
1078,2024-07-20 02:05:16.547945216,150.81453357612486,0.07925250230674996,-48310.755822909996,-3167074.9607539373
1079,2024-07-20 02:15:16.986301440,150.82827586617623,0.07937715670657647,-48310.7593781562,-3167074.9636712056
1080,2024-07-20 02:25:17.424657408,150.8420136207326,0.07950181110634985,-48310.762963175766,-3167074.9665867696
1081,2024-07-20 02:35:17.863013632,150.85574685167526,0.07962646550617636,-48310.7665780725,-3167074.969500608
1082,2024-07-20 02:45:18.301369856,150.8694755708682,0.07975111990600289,-48310.770222950196,-3167074.972412699
1083,2024-07-20 02:55:18.739726080,150.88319979018112,0.0798757743058294,-48310.77389791265,-3167074.9753230233
1084,2024-07-20 03:05:19.178082304,150.8969195214837,0.08000042870565592,-48310.77760306366,-3167074.9782315614
1085,2024-07-20 03:15:19.616438272,150.91063477663994,0.08012508310542929,-48310.78133850704,-3167074.9811382913
1086,2024-07-20 03:25:20.054794496,150.92434556753105,0.08024973750525581,-48310.78510434658,-3167074.9840431917
1087,2024-07-20 03:35:20.493150720,150.93805190602112,0.08037439190508233,-48310.78890068608,-3167074.986946245
1088,2024-07-20 03:45:20.931506944,150.9517538039797,0.08049904630490884,-48310.79272762932,-3167074.9898474286
1089,2024-07-20 03:55:21.369862912,150.96545127327076,0.08062370070468222,-48310.796585280106,-3167074.9927467234
1090,2024-07-20 04:05:21.808219136,150.97914432577568,0.08074835510450873,-48310.80047374225,-3167074.9956441065
1091,2024-07-20 04:15:22.246575360,150.99283297335833,0.08087300950433526,-48310.80439311956,-3167074.9985395595
1092,2024-07-20 04:25:22.684931584,151.00651722788845,0.08099766390416177,-48310.808343515804,-3167075.0014330614
1093,2024-07-20 04:35:23.123287552,151.02019710122994,0.08112231830393515,-48310.8123250348,-3167075.0043245917
1094,2024-07-20 04:45:23.561643776,151.03387260526415,0.08124697270376166,-48310.81633778032,-3167075.0072141304
1095,2024-07-20 04:55:24.000000000,151.04754375185505,0.08137162710358818,-48310.8203818562,-3167075.010101657
1096,2024-07-20 05:05:24.438356224,151.06121055287224,0.0814962815034147,-48310.824457366216,-3167075.012987149
1097,2024-07-20 05:15:24.876712448,151.07487302018555,0.08162093590324121,-48310.82856441418,-3167075.0158705884
1098,2024-07-20 05:25:25.315068416,151.08853116565885,0.08174559030301459,-48310.832703103864,-3167075.0187519537
1099,2024-07-20 05:35:25.753424640,151.10218500117344,0.0818702447028411,-48310.8368735391,-3167075.021631225
1100,2024-07-20 05:45:26.191780864,151.11583453859328,0.08199489910266763,-48310.84107582367,-3167075.024508381
1101,2024-07-20 05:55:26.630137088,151.12947978978806,0.08211955350249414,-48310.845310061355,-3167075.0273834006
1102,2024-07-20 06:05:27.068493056,151.1431207666218,0.08224420790226752,-48310.849576355984,-3167075.030256265
1103,2024-07-20 06:15:27.506849280,151.1567574809757,0.08236886230209403,-48310.853874811335,-3167075.033126953
1104,2024-07-20 06:25:27.945205504,151.17038994471372,0.08249351670192055,-48310.85820553123,-3167075.0359954443
1105,2024-07-20 06:35:28.383561728,151.18401816970564,0.08261817110174707,-48310.86256861944,-3167075.0388617185
1106,2024-07-20 06:45:28.821917696,151.19764216781527,0.08274282550152044,-48310.86696417976,-3167075.0417257547
1107,2024-07-20 06:55:29.260273920,151.21126195092404,0.08286747990134696,-48310.871392316025,-3167075.044587533
1108,2024-07-20 07:05:29.698630144,151.2248775308958,0.08299213430117348,-48310.875853132005,-3167075.0474470323
1109,2024-07-20 07:15:30.136986368,151.23848891960034,0.083116788701,-48310.880346731494,-3167075.0503042326
1110,2024-07-20 07:25:30.575342592,151.2520961289073,0.08324144310082651,-48310.88487321832,-3167075.053159112
1111,2024-07-20 07:35:31.013698560,151.26569917068065,0.0833660975005999,-48310.88943269624,-3167075.0560116516
1112,2024-07-20 07:45:31.452054784,151.27929805680174,0.0834907519004264,-48310.894025269095,-3167075.058861831
1113,2024-07-20 07:55:31.890411008,151.29289279913445,0.08361540630025294,-48310.89865104065,-3167075.061709629
1114,2024-07-20 08:05:32.328767232,151.30648340954846,0.08374006070007944,-48310.90331011471,-3167075.064555025
1115,2024-07-20 08:15:32.767123200,151.32006989990776,0.08386471509985283,-48310.90800259509,-3167075.067398
1116,2024-07-20 08:25:33.205479424,151.33365228209368,0.08398936949967933,-48310.91272858558,-3167075.070238532
1117,2024-07-20 08:35:33.643835648,151.34723056797006,0.08411402389950584,-48310.91748818997,-3167075.0730766
1118,2024-07-20 08:45:34.082191872,151.3608047694067,0.08423867829933238,-48310.922281512074,-3167075.075912185
1119,2024-07-20 08:55:34.520547840,151.37437489826755,0.08436333269910573,-48310.92710865566,-3167075.0787452655
1120,2024-07-20 09:05:34.958904064,151.38794096643383,0.08448798709893227,-48310.93196972457,-3167075.0815758226
1121,2024-07-20 09:15:35.397260288,151.40150298576953,0.08461264149875877,-48310.93686482257,-3167075.0844038334
1122,2024-07-20 09:25:35.835616512,151.41506096814436,0.08473729589858531,-48310.94179405346,-3167075.0872292803
1123,2024-07-20 09:35:36.273972480,151.4286149254222,0.08486195029835866,-48310.94675752106,-3167075.0900521395
1124,2024-07-20 09:45:36.712328704,151.44216486948443,0.0849866046981852,-48310.95175532915,-3167075.0928723942
1125,2024-07-20 09:55:37.150684928,151.45571081219492,0.0851112590980117,-48310.95678758153,-3167075.09569002
1126,2024-07-20 10:05:37.589041152,151.46925276542348,0.08523591349783824,-48310.96185438201,-3167075.0985049997
1127,2024-07-20 10:15:38.027397376,151.4827907410397,0.08536056789766475,-48310.96695583436,-3167075.1013173102
1128,2024-07-20 10:25:38.465753344,151.49632475090766,0.08548522229743813,-48310.972092042415,-3167075.104126934
1129,2024-07-20 10:35:38.904109568,151.5098548069085,0.08560987669726464,-48310.97726310995,-3167075.106933848
1130,2024-07-20 10:45:39.342465792,151.5233809209063,0.08573453109709114,-48310.98246914077,-3167075.109738033
1131,2024-07-20 10:55:39.780822016,151.53690310477072,0.08585918549691768,-48310.98771023868,-3167075.1125394674
1132,2024-07-20 11:05:40.219177984,151.5504213703657,0.08598383989669103,-48310.99298650746,-3167075.1153381323
1133,2024-07-20 11:15:40.657534208,151.5639357295725,0.08610849429651757,-48310.99829805092,-3167075.118134007
1134,2024-07-20 11:25:41.095890432,151.57744619425515,0.08623314869634408,-48311.00364497287,-3167075.12092707
1135,2024-07-20 11:35:41.534246656,151.59095277628322,0.08635780309617061,-48311.00902737709,-3167075.1237173006
1136,2024-07-20 11:45:41.972602624,151.6044554875208,0.08648245749594397,-48311.01444536738,-3167075.1265046787
1137,2024-07-20 11:55:42.410958848,151.61795433984906,0.0866071118957705,-48311.01989904755,-3167075.1292891856
1138,2024-07-20 12:05:42.849315072,151.631449345132,0.08673176629559701,-48311.02538852138,-3167075.1320707994
1139,2024-07-20 12:15:43.287671296,151.64494051523937,0.08685642069542351,-48311.030913892704,-3167075.134849499
1140,2024-07-20 12:25:43.726027520,151.65842786204084,0.08698107509525005,-48311.03647526527,-3167075.1376252635
1141,2024-07-20 12:35:44.164383488,151.6719113974004,0.0871057294950234,-48311.042072742915,-3167075.140398074
1142,2024-07-20 12:45:44.602739712,151.68539113319926,0.08723038389484994,-48311.047706429425,-3167075.14316791
1143,2024-07-20 12:55:45.041095936,151.69886708130144,0.08735503829467645,-48311.053376428594,-3167075.1459347503
1144,2024-07-20 13:05:45.479452160,151.71233925357657,0.08747969269450298,-48311.05908284424,-3167075.148698575
1145,2024-07-20 13:15:45.917808128,151.72580766188872,0.08760434709427634,-48311.06482578012,-3167075.151459361
1146,2024-07-20 13:25:46.356164352,151.73927231811905,0.08772900149410287,-48311.070605340065,-3167075.1542170923
1147,2024-07-20 13:35:46.794520576,151.75273323413154,0.08785365589392938,-48311.07642162788,-3167075.1569717457
1148,2024-07-20 13:45:47.232876800,151.76619042179593,0.08797831029375588,-48311.08227474734,-3167075.1597233014
1149,2024-07-20 13:55:47.671232768,151.77964389297625,0.08810296469352927,-48311.08816480226,-3167075.1624717377
1150,2024-07-20 14:05:48.109588992,151.79309365955356,0.08822761909335577,-48311.09409189642,-3167075.165217036
1151,2024-07-20 14:15:48.547945216,151.80653973339196,0.08835227349318231,-48311.10005613364,-3167075.167959174
1152,2024-07-20 14:25:48.986301440,151.81998212636114,0.08847692789300882,-48311.10605761771,-3167075.1706981333
1153,2024-07-20 14:35:49.424657408,151.83342085032507,0.0886015822927822,-48311.112096452416,-3167075.173433891
1154,2024-07-20 14:45:49.863013632,151.846855917165,0.0887262366926087,-48311.11817274157,-3167075.176166429
1155,2024-07-20 14:55:50.301369856,151.86028733874483,0.08885089109243524,-48311.12428658897,-3167075.178895726
1156,2024-07-20 15:05:50.739726080,151.87371512693434,0.08897554549226175,-48311.13043809842,-3167075.181621759
1157,2024-07-20 15:15:51.178082304,151.88713929360324,0.08910019989208828,-48311.13662737369,-3167075.184344512
1158,2024-07-20 15:25:51.616438272,151.90055985061556,0.08922485429186164,-48311.14285451862,-3167075.187063962
1159,2024-07-20 15:35:52.054794496,151.9139768098524,0.08934950869168817,-48311.149119636975,-3167075.189780087
1160,2024-07-20 15:45:52.493150720,151.9273901831778,0.08947416309151468,-48311.15542283258,-3167075.1924928706
1161,2024-07-20 15:55:52.931506944,151.9407999824615,0.08959881749134119,-48311.1617642092,-3167075.1952022887
1162,2024-07-20 16:05:53.369862912,151.95420621956748,0.08972347189111457,-48311.168143870644,-3167075.1979083223
1163,2024-07-20 16:15:53.808219136,151.96760890637688,0.08984812629094108,-48311.174561920736,-3167075.200610952
1164,2024-07-20 16:25:54.246575360,151.98100805475372,0.08997278069076761,-48311.181018463256,-3167075.2033101544
1165,2024-07-20 16:35:54.684931584,151.99440367656774,0.09604773850908627,-48311.187513601995,-3167075.2060059113
1166,2024-07-20 16:45:55.123287552,152.00779578368287,0.09650908091054021,-48311.19404744076,-3167075.208698202
1167,2024-07-20 16:55:55.561643776,152.02118438798038,0.09697042331219084,-48311.20062008336,-3167075.2113870047
1168,2024-07-20 17:05:56.000000000,152.03456950132426,0.09743176571384148,-48311.207231633576,-3167075.214072301
1169,2024-07-20 17:15:56.438356224,152.04795113558407,0.09789310811549212,-48311.21388219521,-3167075.2167540686
1170,2024-07-20 17:25:56.876712448,152.06132930262976,0.09835445051714276,-48311.220571872065,-3167075.219432288
1171,2024-07-20 17:35:57.315068416,152.07470401432522,0.0988157929185967,-48311.22730076793,-3167075.222106939
1172,2024-07-20 17:45:57.753424640,152.08807528255159,0.029492941049346143,-48311.23406898654,-3167075.224778
1173,2024-07-20 17:55:58.191780864,152.10144311917287,0.03157896876520933,-48311.24087592851,-3167075.2274454515
1174,2024-07-20 18:05:58.630137088,152.11480753605886,0.03644899629308327,-48311.247718569604,-3167075.2301092716
1175,2024-07-20 18:15:59.068493056,152.12816854507352,0.04131902381888084,-48311.25459336319,-3167075.232769441
1176,2024-07-20 18:25:59.506849280,152.14152615809795,0.04618905134675477,-48311.2614967627,-3167075.2354259402
1177,2024-07-20 18:35:59.945205504,152.15488038699624,0.05105907887462871,-48311.2684252215,-3167075.2380787465
1178,2024-07-20 18:46:00.383561728,152.1682312436381,0.06907220739790416,-48311.27537519297,-3167075.2407278405
1179,2024-07-20 18:56:00.821917696,152.1815787398875,0.05819273453784793,-48311.28234313054,-3167075.2433732017
1180,2024-07-20 19:06:01.260273920,152.19492288762558,0.04731326167315317,-48311.28932548758,-3167075.2460148106
1181,2024-07-20 19:16:01.698630144,152.20826369871637,0.037892400698127375,-48311.29631871747,-3167075.2486526445
1182,2024-07-20 19:26:02.136986368,152.22160118502964,0.023555511245584252,-48311.303319273626,-3167075.2512866855
1183,2024-07-20 19:36:02.575342592,152.23493535843502,0.010584058373748801,-48311.31032360943,-3167075.2539169104
1184,2024-07-20 19:46:03.013698560,152.24826623079662,0.010987622702718493,-48311.31732817826,-3167075.256543301
1185,2024-07-20 19:56:03.452054784,152.26159381399552,0.011391187031860248,-48311.32432943353,-3167075.2591658356
1186,2024-07-20 20:06:03.890411008,152.27491811989574,0.011794751361002,-48311.33132382862,-3167075.261784494
1187,2024-07-20 20:16:04.328767232,152.28823916036697,0.012198315690143754,-48311.33830781694,-3167075.2643992566
1188,2024-07-20 20:26:04.767123200,152.30155694727333,0.012601880019113446,-48311.34527785186,-3167075.267010102
1189,2024-07-20 20:36:05.205479424,152.3148714924958,0.013005444348255199,-48311.35223038679,-3167075.2696170085
1190,2024-07-20 20:46:05.643835648,152.32818280789854,0.013409008677396953,-48311.35916187511,-3167075.2722199582
1191,2024-07-20 20:56:06.082191872,152.34149090535124,0.013812573006538705,-48311.36606877019,-3167075.2748189284
1192,2024-07-20 21:06:06.520547840,152.35479579671784,0.014216137335508397,-48311.37294752548,-3167075.2774139005
1193,2024-07-20 21:16:06.958904064,152.36809749387953,0.014619701664650151,-48311.37979459434,-3167075.280004852
1194,2024-07-20 21:26:07.397260288,152.3813960087003,0.015023265993791904,-48311.386606430155,-3167075.2825917643
1195,2024-07-20 21:36:07.835616512,152.39469135304992,0.015426830322933658,-48311.39337948631,-3167075.2851746166
1196,2024-07-20 21:46:08.273972480,152.4079835387924,0.01957914307260672,-48311.40011021624,-3167075.2877533874
1197,2024-07-20 21:56:08.712328704,152.4212725778088,0.026732526914314214,-48311.40679507328,-3167075.2903280566
1198,2024-07-20 22:06:09.150684928,152.43455848196322,0.029547564282135085,-48311.41343051087,-3167075.2928986037
1199,2024-07-20 22:16:09.589041152,152.44784126312527,0.026501007624424047,-48311.420012982366,-3167075.295465009
1200,2024-07-20 22:26:10.027397376,152.46112093316484,0.021098383057853685,-48311.426538941196,-3167075.298027252
1201,2024-07-20 22:36:10.465753344,152.47439750394585,0.02144208124926699,-48311.43300484072,-3167075.30058531
1202,2024-07-20 22:46:10.904109568,152.4876709873494,0.027859005279978685,-48311.43940713435,-3167075.3031391655
1203,2024-07-20 22:56:11.342465792,152.50094139523955,0.03427592931069038,-48311.44574227548,-3167075.3056887956
1204,2024-07-20 23:06:11.780822016,152.51420873948604,0.040692853341402074,-48311.45200671749,-3167075.308234182
1205,2024-07-20 23:16:12.219177984,152.5274730319529,0.04710977736937788,-48311.458196913765,-3167075.3107753033
1206,2024-07-20 23:26:12.657534208,152.54073428452116,0.05352670140008958,-48311.4643093177,-3167075.3133121375
1207,2024-07-20 23:36:13.095890432,152.55399250905492,0.05483448798912636,-48311.47034038273,-3167075.315844667
1208,2024-07-20 23:46:13.534246656,152.56724771742387,0.053750327607841084,-48311.47628656219,-3167075.3183728694
1209,2024-07-20 23:56:13.972602624,152.58049992149213,0.05266616722701804,-48311.4821443095,-3167075.320896724
1210,2024-07-21 00:06:14.410958848,152.59374913314065,0.05158200684573277,-48311.48791007806,-3167075.3234162116
1211,2024-07-21 00:16:14.849315072,152.6069953642336,0.05049784646444749,-48311.49358032123,-3167075.325931311
1212,2024-07-21 00:26:15.287671296,152.62023862664057,0.04941368608316222,-48311.499151492426,-3167075.328442001
1213,2024-07-21 00:36:15.726027520,152.6334789322314,0.048329525701876944,-48311.504620045045,-3167075.3309482625
1214,2024-07-21 00:46:16.164383488,152.64671629287008,0.04724536532105391,-48311.509982432464,-3167075.333450075
1215,2024-07-21 00:56:16.602739712,152.65995072043773,0.046161204939768635,-48311.5152351081,-3167075.3359474167
1216,2024-07-21 01:06:17.041095936,152.67318222679827,0.04507704455848336,-48311.5203745253,-3167075.3384402683
1217,2024-07-21 01:16:17.479452160,152.68641082382157,0.043992884177198086,-48311.525397137506,-3167075.3409286095
1218,2024-07-21 01:26:17.917808128,152.69963652337168,0.042908723796375045,-48311.53029939806,-3167075.3434124184
1219,2024-07-21 01:36:18.356164352,152.71285933732952,0.04182456341508977,-48311.53507776041,-3167075.3458916745
1220,2024-07-21 01:46:18.794520576,152.72607927755925,0.040740403033804495,-48311.539728677904,-3167075.3483663597
1221,2024-07-21 01:56:19.232876800,152.73929635593058,0.03965624265251922,-48311.544248603954,-3167075.350836451
1222,2024-07-21 02:06:19.671232768,152.75251058430757,0.03857208227169619,-48311.54863399194,-3167075.35330193
1223,2024-07-21 02:16:20.109588992,152.76572197457122,0.037487921890410905,-48311.55288129527,-3167075.355762774
1224,2024-07-21 02:26:20.547945216,152.77893053858563,0.03640376150912564,-48311.556986967335,-3167075.3582189647
1225,2024-07-21 02:36:20.986301440,152.79213628822052,0.035319601127840355,-48311.56094746152,-3167075.3606704795
1226,2024-07-21 02:46:21.424657408,152.80533923534,0.034235440747017315,-48311.5647592312,-3167075.363117299
1227,2024-07-21 02:56:21.863013632,152.81853939182503,0.03315128036573205,-48311.5684187298,-3167075.3655594043
1228,2024-07-21 03:06:22.301369856,152.83173676953965,0.032067119984446765,-48311.5719224107,-3167075.3679967714
1229,2024-07-21 03:16:22.739726080,152.84493138035367,0.030982959603161494,-48311.57526672728,-3167075.370429383
1230,2024-07-21 03:26:23.178082304,152.8581232361368,0.02989879922187622,-48311.57844813295,-3167075.3728572177
1231,2024-07-21 03:36:23.616438272,152.87131234875312,0.028814638841053182,-48311.58146308109,-3167075.3752802527
1232,2024-07-21 03:46:24.054794496,152.88449873008352,0.02779919075984476,-48311.58430802511,-3167075.377698471
1233,2024-07-21 03:56:24.493150720,152.8976823919922,0.02785404668991555,-48311.58697941837,-3167075.3801118503
1234,2024-07-21 04:06:24.931506944,152.9108633463489,0.02793219174262774,-48311.58947371429,-3167075.38252037
1235,2024-07-21 04:16:25.369862912,152.92404160501763,0.028010336795306612,-48311.59178736625,-3167075.384924012
1236,2024-07-21 04:26:25.808219136,152.9372171798794,0.028088481848018803,-48311.59391682765,-3167075.387322752
1237,2024-07-21 04:36:26.246575360,152.95039008279835,0.02814707280924162,-48311.59585855187,-3167075.3897165717
1238,2024-07-21 04:46:26.684931584,152.96356032564412,0.027896715355718218,-48311.597608992306,-3167075.392105451
1239,2024-07-21 04:56:27.123287552,152.9767279202809,0.02746435776946024,-48311.59916460237,-3167075.3944893684
1240,2024-07-21 05:06:27.561643776,152.98989287858956,0.027032000183017928,-48311.600521835426,-3167075.3968683034
1241,2024-07-21 05:16:28.000000000,153.00305521243428,0.026599642596575615,-48311.60167714488,-3167075.3992422363
1242,2024-07-21 05:26:28.438356224,153.01621493368472,0.026167285010133302,-48311.60262698413,-3167075.401611146
1243,2024-07-21 05:36:28.876712448,153.02937205421065,0.02573492742369099,-48311.603367806565,-3167075.4039750122
1244,2024-07-21 05:46:29.315068416,153.04252658587615,0.025302569837433016,-48311.60389606555,-3167075.4063338153
1245,2024-07-21 05:56:29.753424640,153.05567854056216,0.024870212250990703,-48311.60420821452,-3167075.4086875333
1246,2024-07-21 06:06:30.191780864,153.06882793013284,0.02443785466454839,-48311.604300706844,-3167075.4110361463
1247,2024-07-21 06:16:30.630137088,153.08197476645785,0.024005497078106078,-48311.60416999591,-3167075.4133796347
1248,2024-07-21 06:26:31.068493056,153.09511906140133,0.023573139491848104,-48311.60381253512,-3167075.415717976
1249,2024-07-21 06:36:31.506849280,153.1082608268443,0.02314078190540579,-48311.603224777864,-3167075.4180511516
1250,2024-07-21 06:46:31.945205504,153.12140007465067,0.02270842431896348,-48311.602403177545,-3167075.420379141
1251,2024-07-21 06:56:32.383561728,153.1345368166904,0.022276066732521162,-48311.60134418753,-3167075.422701923
1252,2024-07-21 07:06:32.821917696,153.14767106482742,0.02184370914626319,-48311.60004426123,-3167075.425019476
1253,2024-07-21 07:16:33.260273920,153.16080283094274,0.021965775844057886,-48311.59849985204,-3167075.427331781
1254,2024-07-21 07:26:33.698630144,153.17393212690047,0.022126688138148495,-48311.59670741335,-3167075.4296388184
1255,2024-07-21 07:36:34.136986368,153.18705896457035,0.022287600432239103,-48311.59466339853,-3167075.431940566
1256,2024-07-21 07:46:34.575342592,153.2001833558221,0.022448512726329712,-48311.592364260985,-3167075.434237005
1257,2024-07-21 07:56:35.013698560,153.2133053125198,0.022609425020351716,-48311.58980645413,-3167075.4365281123
1258,2024-07-21 08:06:35.452054784,153.22642484654443,0.02277033731444232,-48311.586986431335,-3167075.438813869
1259,2024-07-21 08:16:35.890411008,153.23954196976004,0.02292404321060801,-48311.583900646,-3167075.4410942546
1260,2024-07-21 08:26:36.328767232,153.2526566940364,0.02917254745731664,-48311.58054555151,-3167075.44336925
1261,2024-07-21 08:36:36.767123200,153.26576903123765,0.036495660772665243,-48311.57691760126,-3167075.4456388326
1262,2024-07-21 08:46:37.205479424,153.27887899324466,0.0438187740911361,-48311.57301324864,-3167075.4479029817
1263,2024-07-21 08:56:37.643835648,153.2919865919216,0.051141887409606956,-48311.56882894703,-3167075.4501616787
1264,2024-07-21 09:06:38.082191872,153.30509183913816,0.05846500072807781,-48311.56436114988,-3167075.452414902
1265,2024-07-21 09:16:38.520547840,153.31819474675848,0.06578811404342641,-48311.5596063105,-3167075.4546626313
1266,2024-07-21 09:26:38.958904064,153.3312953266635,0.07196814167280155,-48311.55456088234,-3167075.4569048462
1267,2024-07-21 09:36:39.397260288,153.34439359071726,0.08510814427645749,-48311.54922131877,-3167075.459141526
1268,2024-07-21 09:46:39.835616512,153.35748954596437,0.09228591330917035,-48311.54358538625,-3167075.4613726507
1269,2024-07-21 09:56:40.273972480,153.37058315147914,0.08103512856623782,-48311.53766390366,-3167075.463598199
1270,2024-07-21 10:06:40.712328704,153.38367433887552,0.06978434381850845,-48311.53147516714,-3167075.465818151
1271,2024-07-21 10:16:41.150684928,153.39676303942602,0.0585335590707791,-48311.52503756115,-3167075.468032486
1272,2024-07-21 10:26:41.589041152,153.40984918440896,0.04728277432304973,-48311.51836947014,-3167075.4702411834
1273,2024-07-21 10:36:42.027397376,153.42293270510245,0.036031989575320375,-48311.51148927857,-3167075.4724442246
1274,2024-07-21 10:46:42.465753344,153.4360135327791,0.02478120483238784,-48311.50441537095,-3167075.4746415857
1275,2024-07-21 10:56:42.904109568,153.44909159872822,0.013530420084658476,-48311.497166131696,-3167075.476833249
1276,2024-07-21 11:06:43.342465792,153.46216683422242,0.00557580882632924,-48311.489759945296,-3167075.479019193
1277,2024-07-21 11:16:43.780822016,153.47523917053988,0.006604973691211522,-48311.482215196236,-3167075.481199397
1278,2024-07-21 11:26:44.219177984,153.48830853895316,0.0076341385556550154,-48311.47455026895,-3167075.4833738403
1279,2024-07-21 11:36:44.657534208,153.50137487075165,0.008663303420537297,-48311.466783547905,-3167075.485542503
1280,2024-07-21 11:46:45.095890432,153.5144380972079,0.00969246828541958,-48311.458933417576,-3167075.4877053653
1281,2024-07-21 11:56:45.534246656,153.52749814960004,0.010721633150301862,-48311.45101826242,-3167075.4898624057
1282,2024-07-21 12:06:45.972602624,153.5405549592008,0.011750798014745354,-48311.44305646693,-3167075.492013604
1283,2024-07-21 12:16:46.410958848,153.55360845729936,0.012779962879627637,-48311.43506641555,-3167075.4941589395
1284,2024-07-21 12:26:46.849315072,153.56665857516845,0.013809127744509918,-48311.42706649274,-3167075.4962983923
1285,2024-07-21 12:36:47.287671296,153.57970524408617,0.014838292609392201,-48311.419075082966,-3167075.498431941
1286,2024-07-21 12:46:47.726027520,153.59274839533066,0.015867457474274482,-48311.411110570705,-3167075.500559566
1287,2024-07-21 12:56:48.164383488,153.6057879601746,0.017324623081263823,-48311.403191340425,-3167075.5026812456
1288,2024-07-21 13:06:48.602739712,153.61882386990735,0.027712751291359444,-48311.39533577658,-3167075.504796961
1289,2024-07-21 13:16:49.041095936,153.6318560558014,0.03766213077364921,-48311.387562263655,-3167075.5069066905
1290,2024-07-21 13:26:49.479452160,153.64488444913488,0.09446595490277049,-48311.37988918608,-3167075.5090104146
1291,2024-07-21 13:36:49.917808128,153.65790898118053,0.08855115822323129,-48311.37233492834,-3167075.5111081116
1292,2024-07-21 13:46:50.356164352,153.6709295832276,0.0826363615411703,-48311.36491787491,-3167075.5131997615
1293,2024-07-21 13:56:50.794520576,153.68394618654872,0.0767215648591093,-48311.357656410255,-3167075.5152853457
1294,2024-07-21 14:06:51.232876800,153.69695872242204,0.07080676817704831,-48311.35056891883,-3167075.51736484
1295,2024-07-21 14:16:51.671232768,153.70996712212016,0.06489197149750911,-48311.34367378509,-3167075.519438227
1296,2024-07-21 14:26:52.109588992,153.72297131693244,0.05897717481544812,-48311.33698939354,-3167075.521505485
1297,2024-07-21 14:36:52.547945216,153.73597123813144,0.05306237813338712,-48311.33053412859,-3167075.5235665934
1298,2024-07-21 14:46:52.986301440,153.7489668169953,0.04714758145132613,-48311.32432637476,-3167075.525621532
1299,2024-07-21 14:56:53.424657408,153.7619579847968,0.041232784771786934,-48311.31838451648,-3167075.5276702805
1300,2024-07-21 15:06:53.863013632,153.774944672825,0.035317988089725944,-48311.31272693823,-3167075.5297128186
1301,2024-07-21 15:16:54.301369856,153.78792681235262,0.02940319140766494,-48311.30737202447,-3167075.5317491246
1302,2024-07-21 15:26:54.739726080,153.8009043346579,0.027176114487122073,-48311.30233815967,-3167075.5337791797
1303,2024-07-21 15:36:55.178082304,153.8138771710189,0.025085997492047894,-48311.297643728285,-3167075.5358029627
1304,2024-07-21 15:46:55.616438272,153.82684525270832,0.02299588049786485,-48311.2933071148,-3167075.5378204533
1305,2024-07-21 15:56:56.054794496,153.8398085110155,0.02090576350279067,-48311.28934670366,-3167075.539831629
1306,2024-07-21 16:06:56.493150720,153.85276687721282,0.018815646507716492,-48311.28578087935,-3167075.5418364718
1307,2024-07-21 16:16:56.931506944,153.86572028257868,0.016725529512642313,-48311.28262802632,-3167075.5438349606
1308,2024-07-21 16:26:57.369862912,153.87866865838566,0.014635412518459266,-48311.279906529046,-3167075.545827076
1309,2024-07-21 16:36:57.808219136,153.891611935923,0.012545295523385087,-48311.27763477198,-3167075.5478127943
1310,2024-07-21 16:46:58.246575360,153.9045500464633,0.010455178528310908,-48311.27583113962,-3167075.549792099
1311,2024-07-21 16:56:58.684931584,153.91748292128483,0.008365061533236729,-48311.27451401638,-3167075.551764967
1312,2024-07-21 17:06:59.123287552,153.9304104916601,0.006274944539053681,-48311.27370178676,-3167075.5537313777
1313,2024-07-21 17:16:59.561643776,153.94333268887848,0.004184827543979502,-48311.27341283522,-3167075.555691312
1314,2024-07-21 17:27:00.000000000,153.95624944421252,0.004426143920052579,-48311.273665546236,-3167075.557644748
1315,2024-07-21 17:37:00.438356224,153.96916068894038,0.006092312763985359,-48311.27447830425,-3167075.5595916677
1316,2024-07-21 17:47:00.876712448,153.98206635434033,0.0077584816079181405,-48311.27586949375,-3167075.561532048
1317,2024-07-21 17:57:01.315068416,153.99496637168497,0.009424650451140541,-48311.277857499175,-3167075.563465869
1318,2024-07-21 18:07:01.753424640,154.0078606722635,0.011090819295073322,-48311.28046070503,-3167075.5653931117
1319,2024-07-21 18:17:02.191780864,154.02074918734854,0.012756988139006104,-48311.283697495746,-3167075.5673137545
1320,2024-07-21 18:27:02.630137088,154.03363184821836,0.014423156982938884,-48311.287586255814,-3167075.569227776
1321,2024-07-21 18:37:03.068493056,154.0465085861456,0.016089325826161283,-48311.29214536967,-3167075.571135157
1322,2024-07-21 18:47:03.506849280,154.05937933241944,0.03763423405472901,-48311.29739322178,-3167075.5730358763
1323,2024-07-21 18:57:03.945205504,154.0722440183125,0.043891380560187813,-48311.30334819665,-3167075.574929915
1324,2024-07-21 19:07:04.383561728,154.085102575103,0.04687142437801137,-48311.31002867872,-3167075.576817251
1325,2024-07-21 19:17:04.821917696,154.09795493406358,0.043666998614536844,-48311.31745305245,-3167075.578697863
1326,2024-07-21 19:27:05.260273920,154.11080102648347,0.03408592120604567,-48311.3256397023,-3167075.5805717334
1327,2024-07-21 19:37:05.698630144,154.12364078363527,0.03303465158964752,-48311.334607012766,-3167075.5824388396
1328,2024-07-21 19:47:06.136986368,154.13647413679726,0.03198338197324937,-48311.344373368294,-3167075.5842991616
1329,2024-07-21 19:57:06.575342592,154.1493010172475,0.030932112356851213,-48311.35495715335,-3167075.5861526784
1330,2024-07-21 20:07:07.013698560,154.16212135625872,0.029880842740901276,-48311.36637675239,-3167075.58799937
1331,2024-07-21 20:17:07.452054784,154.17493508512013,0.02882957312450312,-48311.378650549894,-3167075.5898392173
1332,2024-07-21 20:27:07.890411008,154.18774213510432,0.02777830350810497,-48311.39179693034,-3167075.591672197
1333,2024-07-21 20:37:08.328767232,154.20054243748945,0.026727033891706817,-48311.40583427815,-3167075.5934982914
1334,2024-07-21 20:47:08.767123200,154.21333592354839,0.025675764275756876,-48311.420780977816,-3167075.5953174783
1335,2024-07-21 20:57:09.205479424,154.22612252457006,0.02575829155635873,-48311.43665326263,-3167075.597129738
1336,2024-07-21 21:07:09.643835648,154.2389021718273,0.026011491362138168,-48311.45344060529,-3167075.598935049
1337,2024-07-21 21:17:10.082191872,154.25167479659822,0.026264691167917603,-48311.47111434298,-3167075.600733392
1338,2024-07-21 21:27:10.520547840,154.2644403301555,0.02651789097358909,-48311.489645469,-3167075.6025247457
1339,2024-07-21 21:37:10.958904064,154.27719870378837,0.026771090779368525,-48311.50900497667,-3167075.60430909
1340,2024-07-21 21:47:11.397260288,154.2899498487694,0.027024290585147964,-48311.52916385931,-3167075.606086404
1341,2024-07-21 21:57:11.835616512,154.3026936963768,0.027277490390927403,-48311.55009311019,-3167075.607856668
1342,2024-07-21 22:07:12.273972480,154.31543017788337,0.027530690196598886,-48311.571763722626,-3167075.6096198624
1343,2024-07-21 22:17:12.712328704,154.3281592245781,0.027783890002378325,-48311.59414668994,-3167075.6113759633
1344,2024-07-21 22:27:13.150684928,154.34088076773372,0.028037089808157764,-48311.617213005426,-3167075.613124953
1345,2024-07-21 22:37:13.589041152,154.3535947386284,0.0282902896139372,-48311.64093366237,-3167075.6148668113
1346,2024-07-21 22:47:14.027397376,154.3663010685404,0.028543489419716638,-48311.66527965411,-3167075.6166015165
1347,2024-07-21 22:57:14.465753344,154.37899968874234,0.02879668922538812,-48311.69022197392,-3167075.618329048
1348,2024-07-21 23:07:14.904109568,154.39169053052333,0.02904988903116756,-48311.715731615135,-3167075.6200493854
1349,2024-07-21 23:17:15.342465792,154.40437352515613,0.029303088836947,-48311.741779571035,-3167075.6217625095
1350,2024-07-21 23:27:15.780822016,154.4170486039189,0.029556288642726435,-48311.768336834946,-3167075.623468398
1351,2024-07-21 23:37:16.219177984,154.42971569808438,0.02980948844839792,-48311.795374400135,-3167075.625167032
1352,2024-07-21 23:47:16.657534208,154.44237473894154,0.03006268825417736,-48311.82286325995,-3167075.62685839
1353,2024-07-21 23:57:17.095890432,154.45502565776317,0.030315888059956796,-48311.85077440767,-3167075.6285424517
1354,2024-07-22 00:07:17.534246656,154.46766838582747,0.030569087865736234,-48311.879078836624,-3167075.6302191964
1355,2024-07-22 00:17:17.972602624,154.4803028544072,0.030822287671407718,-48311.90774754008,-3167075.6318886043
1356,2024-07-22 00:27:18.410958848,154.49292899479133,0.031075487477187157,-48311.93675151138,-3167075.633550656
1357,2024-07-22 00:37:18.849315072,154.5055467382526,0.031328687282966595,-48311.9660617438,-3167075.6352053275
1358,2024-07-22 00:47:19.287671296,154.51815601606924,0.031581887088746034,-48311.995649230674,-3167075.6368526015
1359,2024-07-22 00:57:19.726027520,154.53075675951942,0.03183508689452547,-48312.025484965285,-3167075.638492457
1360,2024-07-22 01:07:20.164383488,154.54334889987587,0.03208828670019696,-48312.05553994093,-3167075.6401248723
1361,2024-07-22 01:17:20.602739712,154.5559323684276,0.032341486505976395,-48312.085785150935,-3167075.6417498277
1362,2024-07-22 01:27:21.041095936,154.56850709644735,0.032594686311755834,-48312.11619158859,-3167075.643367303
1363,2024-07-22 01:37:21.479452160,154.58107301521338,0.032847886117535266,-48312.14673024721,-3167075.6449772767
1364,2024-07-22 01:47:21.917808128,154.5936300559984,0.033101085923206756,-48312.17737212009,-3167075.6465797285
1365,2024-07-22 01:57:22.356164352,154.60617815009132,0.03335428572898619,-48312.20808820055,-3167075.64817464
1366,2024-07-22 02:07:22.794520576,154.61871722876498,0.03360748553476563,-48312.23884948188,-3167075.649761988
1367,2024-07-22 02:17:23.232876800,154.6312472232976,0.033860685340545066,-48312.26962695741,-3167075.651341753
1368,2024-07-22 02:27:23.671232768,154.6437680649619,0.03411388514621655,-48312.30039162039,-3167075.6529139155
1369,2024-07-22 02:37:24.109588992,154.65627968504688,0.03436708495199599,-48312.331114464185,-3167075.654478454
1370,2024-07-22 02:47:24.547945216,154.6687820148252,0.03462028475777543,-48312.36176648206,-3167075.6560353483
1371,2024-07-22 02:57:24.986301440,154.68127498557524,0.034873484563554866,-48312.39231866736,-3167075.6575845773
1372,2024-07-22 03:07:25.424657408,154.69375852856965,0.03512668436922635,-48312.422742013325,-3167075.6591261216
1373,2024-07-22 03:17:25.863013632,154.70623257509737,0.03537988417500579,-48312.45300751333,-3167075.6606599595
1374,2024-07-22 03:27:26.301369856,154.71869705643124,0.03563308398078523,-48312.48308616064,-3167075.6621860713
1375,2024-07-22 03:37:26.739726080,154.73115190384942,0.035886283786564666,-48312.51294894857,-3167075.6637044367
1376,2024-07-22 03:47:27.178082304,154.74359704863002,0.036139483592344104,-48312.54256687043,-3167075.6652150354
1377,2024-07-22 03:57:27.616438272,154.756032422046,0.03639268339801559,-48312.571910919505,-3167075.666717845
1378,2024-07-22 04:07:28.054794496,154.7684579553861,0.03664588320379503,-48312.60095208911,-3167075.668212848
1379,2024-07-22 04:17:28.493150720,154.78087357992322,0.036899083009574465,-48312.62966137256,-3167075.669700022
1380,2024-07-22 04:27:28.931506944,154.79327922693554,0.0371522828153539,-48312.65800976316,-3167075.6711793463
1381,2024-07-22 04:37:29.369862912,154.8056748276959,0.03740548262102539,-48312.6859682542,-3167075.6726508015
1382,2024-07-22 04:47:29.808219136,154.81806031349305,0.037658682426804826,-48312.71350783899,-3167075.674114366
1383,2024-07-22 04:57:30.246575360,154.83043561559992,0.03791188223258426,-48312.74059951084,-3167075.6755700205
1384,2024-07-22 05:07:30.684931584,154.84280066529462,0.0381650820383637,-48312.767214263054,-3167075.6770177446
1385,2024-07-22 05:17:31.123287552,154.85515539385014,0.03841828184403518,-48312.793323088925,-3167075.678457516
1386,2024-07-22 05:27:31.561643776,154.8674997325552,0.03867148164981462,-48312.81889698178,-3167075.679889316
1387,2024-07-22 05:37:32.000000000,154.87983361268255,0.03892468145559406,-48312.843906934904,-3167075.6813131245
1388,2024-07-22 05:47:32.438356224,154.8921569655105,0.0391778812613735,-48312.86832394161,-3167075.682728919
1389,2024-07-22 05:57:32.876712448,154.9044697223172,0.039431081067152936,-48312.892118995194,-3167075.684136681
1390,2024-07-22 06:07:33.315068416,154.9167718143756,0.03968428087282442,-48312.91526308898,-3167075.6855363883
1391,2024-07-22 06:17:33.753424640,154.9290631729743,0.03993748067860386,-48312.93772721626,-3167075.6869280213
1392,2024-07-22 06:27:34.191780864,154.94134372938626,0.0401906804843833,-48312.95948237034,-3167075.688311559
1393,2024-07-22 06:37:34.630137088,154.95361341488965,0.04044388029016273,-48312.98049954452,-3167075.689686983
1394,2024-07-22 06:47:35.068493056,154.96587216075747,0.04069708009583422,-48313.00074973211,-3167075.6910542697
1395,2024-07-22 06:57:35.506849280,154.97811989827827,0.04095027990161365,-48313.020203926426,-3167075.6924134
1396,2024-07-22 07:07:35.945205504,154.99035655872504,0.04120347970739309,-48313.03883312076,-3167075.693764354
1397,2024-07-22 07:17:36.383561728,155.00258207337592,0.04145667951317253,-48313.056608308405,-3167075.6951071117
1398,2024-07-22 07:27:36.821917696,155.01479637350394,0.04170987931884401,-48313.07350048268,-3167075.6964416504
1399,2024-07-22 07:37:37.260273920,155.02699939039763,0.04196307912462345,-48313.0894806369,-3167075.697767951
1400,2024-07-22 07:47:37.698630144,155.03919105533,0.04221627893040289,-48313.104519764354,-3167075.6990859937
1401,2024-07-22 07:57:38.136986368,155.05137129957916,0.041939724950811934,-48313.11858885834,-3167075.700395757
1402,2024-07-22 08:07:38.575342592,155.0635400544233,0.04119255267638276,-48313.13165891218,-3167075.70169722
1403,2024-07-22 08:17:39.013698560,155.0756972511355,0.04044538040227215,-48313.14370091917,-3167075.702990364
1404,2024-07-22 08:27:39.452054784,155.0878428210042,0.03969820812784298,-48313.15468587264,-3167075.7042751666
1405,2024-07-22 08:37:39.890411008,155.09997669530242,0.0389510358534138,-48313.16458476585,-3167075.705551609
1406,2024-07-22 08:47:40.328767232,155.11209880530836,0.03820386357898463,-48313.17336859214,-3167075.706819668
1407,2024-07-22 08:57:40.767123200,155.124209082295,0.037456691304874015,-48313.181008344785,-3167075.708079327
1408,2024-07-22 09:07:41.205479424,155.13630745755088,0.036709519030444844,-48313.18747501713,-3167075.7093305625
1409,2024-07-22 09:17:41.643835648,155.14839386234897,0.03596234675601567,-48313.19273960243,-3167075.7105733557
1410,2024-07-22 09:27:42.082191872,155.16046822796744,0.0352151744815865,-48313.19677309404,-3167075.711807685
1411,2024-07-22 09:37:42.520547840,155.17253048567935,0.03446800220747589,-48313.19954648523,-3167075.71303353
1412,2024-07-22 09:47:42.958904064,155.18458056677315,0.03372082993304672,-48313.20103076931,-3167075.714250871
1413,2024-07-22 09:57:43.397260288,155.19661840252186,0.03297365765861754,-48313.20119693961,-3167075.7154596867
1414,2024-07-22 10:07:43.835616512,155.20864392420364,0.03222648538418837,-48313.200015989394,-3167075.7166599575
1415,2024-07-22 10:17:44.273972480,155.22065706309158,0.03147931311007776,-48313.19745891201,-3167075.717851662
1416,2024-07-22 10:27:44.712328704,155.23265775047412,0.030732140835648583,-48313.19349670072,-3167075.719034781
1417,2024-07-22 10:37:45.150684928,155.2446459176242,0.029984968561219412,-48313.18810034887,-3167075.7202092926
1418,2024-07-22 10:47:45.589041152,155.25662149582013,0.02923779628679024,-48313.18124084972,-3167075.7213751767
1419,2024-07-22 10:57:46.027397376,155.26858441634005,0.028490624012361066,-48313.17288919662,-3167075.722532414
1420,2024-07-22 11:07:46.465753344,155.28053461045693,0.027743451738250456,-48313.16301638285,-3167075.7236809814
1421,2024-07-22 11:17:46.904109568,155.29247200945926,0.02699627946382128,-48313.15159340172,-3167075.724820862
1422,2024-07-22 11:27:47.342465792,155.30439654462006,0.02624910718939211,-48313.13859124653,-3167075.7259520316
1423,2024-07-22 11:37:47.780822016,155.31630814721754,0.025575080476073837,-48313.12398091059,-3167075.7270744727
1424,2024-07-22 11:47:48.219177984,155.32820674852474,0.08162028819819636,-48313.10773483308,-3167075.728188163
1425,2024-07-22 11:57:48.657534208,155.34009227983006,0.07176895399709074,-48313.089871151155,-3167075.729293083
1426,2024-07-22 12:07:49.095890432,155.35196467240658,0.06191761979598512,-48313.07046191342,-3167075.7303892113
1427,2024-07-22 12:17:49.534246656,155.3638238575324,0.0520662855948795,-48313.04958227111,-3167075.731476529
1428,2024-07-22 12:27:49.972602624,155.3756697664807,0.04221495139797404,-48313.02730737544,-3167075.732555014
1429,2024-07-22 12:37:50.410958848,155.3875023305398,0.03236361719686842,-48313.003712377635,-3167075.7336246464
1430,2024-07-22 12:47:50.849315072,155.39932148098274,0.0225122829957628,-48312.97887242891,-3167075.734685405
1431,2024-07-22 12:57:51.287671296,155.41112714908778,0.012660948794657179,-48312.9528626805,-3167075.735737272
1432,2024-07-22 13:07:51.726027520,155.42291926613296,0.010173329629966171,-48312.92575828363,-3167075.7367802234
1433,2024-07-22 13:17:52.164383488,155.43469776339157,0.012141764023002214,-48312.89763438952,-3167075.7378142416
1434,2024-07-22 13:27:52.602739712,155.4464625721518,0.014110198416877509,-48312.868566149395,-3167075.7388393045
1435,2024-07-22 13:37:53.041095936,155.45821362368676,0.0160786328107528,-48312.83862871449,-3167075.7398553905
1436,2024-07-22 13:47:53.479452160,155.4699508492746,0.0180470672046281,-48312.807897236,-3167075.7408624818
1437,2024-07-22 13:57:53.917808128,155.48167418018855,0.02001550159766414,-48312.776446865195,-3167075.741860557
1438,2024-07-22 14:07:54.356164352,155.4933835477168,0.021983935991539433,-48312.74435275325,-3167075.742849595
1439,2024-07-22 14:17:54.794520576,155.50507888313246,0.02395237038541473,-48312.71169005143,-3167075.743829576
1440,2024-07-22 14:27:55.232876800,155.51676011771377,0.02592080477929002,-48312.67853391093,-3167075.744800478
1441,2024-07-22 14:37:55.671232768,155.52842718273388,0.027889239172326066,-48312.64495948301,-3167075.745762283
1442,2024-07-22 14:47:56.109588992,155.54008000948093,0.029857673566201358,-48312.61104191885,-3167075.746714968
1443,2024-07-22 14:57:56.547945216,155.55171852922808,0.031826107960076656,-48312.576856369706,-3167075.7476585144
1444,2024-07-22 15:07:56.986301440,155.56334267325363,0.03379454235395195,-48312.54247798678,-3167075.748592901
1445,2024-07-22 15:17:57.424657408,155.5749523728307,0.03576297674698799,-48312.507981921335,-3167075.749518107
1446,2024-07-22 15:27:57.863013632,155.58654755924732,0.037731411140863286,-48312.47344332456,-3167075.7504341127
1447,2024-07-22 15:37:58.301369856,155.59812816377683,0.03969984553473858,-48312.43893734768,-3167075.7513408973
1448,2024-07-22 15:47:58.739726080,155.60969411769733,0.041668279928613876,-48312.40453914193,-3167075.752238441
1449,2024-07-22 15:57:59.178082304,155.62124535228696,0.04363671432248917,-48312.37032385853,-3167075.753126721
1450,2024-07-22 16:07:59.616438272,155.6327817988191,0.045605148715525214,-48312.336366648735,-3167075.754005719
1451,2024-07-22 16:18:00.054794496,155.64430338858168,0.047573583109400505,-48312.302742663705,-3167075.754875414
1452,2024-07-22 16:28:00.493150720,155.65581005284795,0.0495420175032758,-48312.26952705474,-3167075.7557357857
1453,2024-07-22 16:38:00.931506944,155.66730172289607,0.051510451897151095,-48312.23679497298,-3167075.7565868124
1454,2024-07-22 16:48:01.369862912,155.67877832999946,0.053478886290187135,-48312.20462156975,-3167075.757428475
1455,2024-07-22 16:58:01.808219136,155.6902398054459,0.05463164551782863,-48312.17308199618,-3167075.7582607535
1456,2024-07-22 17:08:02.246575360,155.7016860805087,0.05387896235644303,-48312.142251403544,-3167075.759083625
1457,2024-07-22 17:18:02.684931584,155.71311708646613,0.04470188076495969,-48312.11220494306,-3167075.759897072
1458,2024-07-22 17:28:03.123287552,155.72453275459142,0.03552479917738906,-48312.08301776596,-3167075.7607010715
1459,2024-07-22 17:38:03.561643776,155.7359330161725,0.02634771758590572,-48312.054765023444,-3167075.761495604
1460,2024-07-22 17:48:04.000000000,155.7473178024827,0.021022196337098183,-48312.02752186675,-3167075.7622806495
1461,2024-07-22 17:58:04.438356224,155.75868704480013,0.01991315576658756,-48312.001356355104,-3167075.7630561874
1462,2024-07-22 18:08:04.876712448,155.77004067440308,0.018090931892706767,-48311.976280660805,-3167075.763822196
1463,2024-07-22 18:18:05.315068416,155.7813786225648,0.016268708019602892,-48311.95228048119,-3167075.7645786568
1464,2024-07-22 18:28:05.753424640,155.79270082057312,0.07970379621235173,-48311.92934135487,-3167075.765325548
1465,2024-07-22 18:38:06.191780864,155.8040071997014,0.07898683125870021,-48311.907448820486,-3167075.7660628483
1466,2024-07-22 18:48:06.630137088,155.8152976912278,0.07234895274208905,-48311.88658841665,-3167075.76679054
1467,2024-07-22 18:58:07.068493056,155.82657222642578,0.06571107422830799,-48311.866745682,-3167075.7675085994
1468,2024-07-22 19:08:07.506849280,155.83783073658304,0.05907319571169685,-48311.84790615515,-3167075.7682170095
1469,2024-07-22 19:18:07.945205504,155.84907315297295,0.0524353171950857,-48311.83005537474,-3167075.768915746
1470,2024-07-22 19:28:08.383561728,155.86029940687365,0.04579743867847454,-48311.81317887937,-3167075.769604792
1471,2024-07-22 19:38:08.821917696,155.8715094295586,0.03915956016469349,-48311.797262207685,-3167075.7702841237
1472,2024-07-22 19:48:09.260273920,155.88270315231557,0.032521681648082335,-48311.78229089831,-3167075.7709537223
1473,2024-07-22 19:58:09.698630144,155.89388050641787,0.025883803131471185,-48311.76825048986,-3167075.771613568
1474,2024-07-22 20:08:10.136986368,155.9050414231437,0.016752599543567528,-48311.75512652098,-3167075.7722636387
1475,2024-07-22 20:18:10.575342592,155.91618583377127,0.016964017080523357,-48311.74290453026,-3167075.772903916
1476,2024-07-22 20:28:11.013698560,155.92731366957395,0.017201482575465662,-48311.73157005638,-3167075.773534378
1477,2024-07-22 20:38:11.452054784,155.93842486183942,0.017438948070509212,-48311.72110863791,-3167075.774155004
1478,2024-07-22 20:48:11.890411008,155.94951934184112,0.017676413565552763,-48311.7115058135,-3167075.774765774
1479,2024-07-22 20:58:12.328767232,155.96059704085724,0.017913879060596313,-48311.70274712179,-3167075.7753666677
1480,2024-07-22 21:08:12.767123200,155.97165789016123,0.018151344555538622,-48311.69481810137,-3167075.775957664
1481,2024-07-22 21:18:13.205479424,155.9827018210407,0.018388810050582172,-48311.6877042909,-3167075.7765387427
1482,2024-07-22 21:28:13.643835648,155.9937287647691,0.018626275545625723,-48311.68139122899,-3167075.7771098837
1483,2024-07-22 21:38:14.082191872,156.00473865262455,0.018863741040669273,-48311.675864454264,-3167075.777671067
1484,2024-07-22 21:48:14.520547840,156.01573141588062,0.01910120653561158,-48311.671109505354,-3167075.7782222703
1485,2024-07-22 21:58:14.958904064,156.0267069858248,0.01933867203065513,-48311.66711192088,-3167075.778763475
1486,2024-07-22 22:08:15.397260288,156.03766529373067,0.01957613752569868,-48311.66385723945,-3167075.77929466
1487,2024-07-22 22:18:15.835616512,156.0486062708763,0.01981360302074223,-48311.66133099972,-3167075.7798158037
1488,2024-07-22 22:28:16.273972480,156.05952984853522,0.020051068515684535,-48311.65951874031,-3167075.780326887
1489,2024-07-22 22:38:16.712328704,156.07043595799493,0.020288534010728086,-48311.65840599984,-3167075.7808278883
1490,2024-07-22 22:48:17.150684928,156.08132453052897,0.020525999505771636,-48311.65797831693,-3167075.7813187893
1491,2024-07-22 22:58:17.589041152,156.09219549741556,0.020763465000815187,-48311.658221230224,-3167075.7817995674
1492,2024-07-22 23:08:18.027397376,156.1030487899328,0.021000930495858737,-48311.65912027831,-3167075.782270203
1493,2024-07-22 23:18:18.465753344,156.1138843393542,0.021238395990801046,-48311.66066099985,-3167075.7827306753
1494,2024-07-22 23:28:18.904109568,156.1247020769673,0.021475861485844593,-48311.66282893344,-3167075.783180963
1495,2024-07-22 23:38:19.342465792,156.13550193404555,0.021713326980888147,-48311.665609617754,-3167075.7836210476
1496,2024-07-22 23:48:19.780822016,156.1462838418672,0.021950792475931694,-48311.668988591366,-3167075.7840509065
1497,2024-07-22 23:58:20.219177984,156.1570477317058,0.022188257970874002,-48311.672951392924,-3167075.784470521
1498,2024-07-23 00:08:20.657534208,156.16779353484867,0.022425723465917553,-48311.67748356105,-3167075.78487987
1499,2024-07-23 00:18:21.095890432,156.17852118256943,0.026449904869941684,-48311.68257063438,-3167075.785278932
1500,2024-07-23 00:28:21.534246656,156.18923060614625,0.03080364965907753,-48311.68819815151,-3167075.785667688
1501,2024-07-23 00:38:21.972602624,156.19992173685273,0.03515739444635714,-48311.694351651095,-3167075.7860461175
1502,2024-07-23 00:48:22.410958848,156.2105945059762,0.03951113923549299,-48311.70101667175,-3167075.7864141986
1503,2024-07-23 00:58:22.849315072,156.22124884479027,0.043864884024628834,-48311.70817875211,-3167075.786771912
1504,2024-07-23 01:08:23.287671296,156.23188468457306,0.04821862881376469,-48311.71582343078,-3167075.787119237
1505,2024-07-23 01:18:23.726027520,156.24250195660278,0.05257237360290054,-48311.7239362464,-3167075.787456153
1506,2024-07-23 01:28:24.164383488,156.2531005921531,0.05692611839018015,-48311.732502737585,-3167075.7877826393
1507,2024-07-23 01:38:24.602739712,156.2636805225112,0.061279863179315996,-48311.74150844298,-3167075.788098676
1508,2024-07-23 01:48:25.041095936,156.27424167895077,0.06563360796845184,-48311.75093890119,-3167075.7884042426
1509,2024-07-23 01:58:25.479452160,156.28478399274994,0.06998735275758769,-48311.76077965087,-3167075.7886993173
1510,2024-07-23 02:08:25.917808128,156.29530739518248,0.0743410975448673,-48311.77101623059,-3167075.7889838815
1511,2024-07-23 02:18:26.356164352,156.30581181753544,0.07869484233400315,-48311.78163417903,-3167075.789257913
1512,2024-07-23 02:28:26.794520576,156.31629719108253,0.08304858712313899,-48311.79261903478,-3167075.789521393
1513,2024-07-23 02:38:27.232876800,156.32676344710194,0.08740233191227484,-48311.80395633651,-3167075.7897742996
1514,2024-07-23 02:48:27.671232768,156.33721051686746,0.09175607669955445,-48311.81563162278,-3167075.7900166134
1515,2024-07-23 02:58:28.109588992,156.34763833166608,0.0961098214886903,-48311.82763043228,-3167075.7902483135
1516,2024-07-23 03:08:28.547945216,156.35804682277148,0.07470354246298197,-48311.839938303594,-3167075.790469379
1517,2024-07-23 03:18:28.986301440,156.36843592146198,0.05701551343821355,-48311.85254077537,-3167075.79067979
1518,2024-07-23 03:28:29.424657408,156.37880555901117,0.03535124895658765,-48311.8654233862,-3167075.7908795257
1519,2024-07-23 03:38:29.863013632,156.3891556667062,0.02164421487348095,-48311.878571674766,-3167075.791068566
1520,2024-07-23 03:48:30.301369856,156.39948617582075,0.025052535061420862,-48311.89197117965,-3167075.791246889
1521,2024-07-23 03:58:30.739726080,156.40979701763308,0.028460855249360775,-48311.90560743949,-3167075.7914144765
1522,2024-07-23 04:08:31.178082304,156.4200881234212,0.03186917543730069,-48311.91946599289,-3167075.791571307
1523,2024-07-23 04:18:31.616438272,156.43035942445908,0.035277495623787444,-48311.93353237851,-3167075.791717359
1524,2024-07-23 04:28:32.054794496,156.44061085203353,0.038685815811727364,-48311.94779213497,-3167075.791852614
1525,2024-07-23 04:38:32.493150720,156.4508423374184,0.04209413599966727,-48311.96223080088,-3167075.79197705
1526,2024-07-23 04:48:32.931506944,156.46105381189187,0.04550245618760719,-48311.976833914865,-3167075.7920906465
1527,2024-07-23 04:58:33.369862912,156.47124520672773,0.048910776374093946,-48311.991587015546,-3167075.792193384
1528,2024-07-23 05:08:33.808219136,156.48141645321292,0.05231909656203386,-48312.00647564159,-3167075.792285241
1529,2024-07-23 05:18:34.246575360,156.49156748262115,0.05572741674997378,-48312.02148533156,-3167075.7923661983
1530,2024-07-23 05:28:34.684931584,156.50169822623064,0.059135736937913685,-48312.03660162414,-3167075.7924362337
1531,2024-07-23 05:38:35.123287552,156.51180861531532,0.06254405712440045,-48312.051810057914,-3167075.792495328
1532,2024-07-23 05:48:35.561643776,156.52189858116196,0.06595237731234035,-48312.067096171544,-3167075.7925434606
1533,2024-07-23 05:58:36.000000000,156.5319680550444,0.06936069750028027,-48312.082445503605,-3167075.792580611
1534,2024-07-23 06:08:36.438356224,156.5420169682408,0.07276901768822018,-48312.09784359276,-3167075.792606758
1535,2024-07-23 06:18:36.876712448,156.55204525202933,0.0761773378761601,-48312.11327597764,-3167075.7926218836
1536,2024-07-23 06:28:37.315068416,156.56205283768392,0.07958565806264686,-48312.12872819686,-3167075.7926259628
1537,2024-07-23 06:38:37.753424640,156.5720396564913,0.08299397825058677,-48312.14418578902,-3167075.792618979
1538,2024-07-23 06:48:38.191780864,156.58200563972534,0.08640229843852669,-48312.15963429279,-3167075.79260091
1539,2024-07-23 06:58:38.630137088,156.59195071866426,0.0898106186264666,-48312.17505924676,-3167075.792571735
1540,2024-07-23 07:08:39.068493056,156.60187482458193,0.09321893881295336,-48312.19044618957,-3167075.7925314363
1541,2024-07-23 07:18:39.506849280,156.61177788876503,0.09662725900089328,-48312.20578065983,-3167075.792479989
1542,2024-07-23 07:28:39.945205504,156.6216598424875,0.00767601767803584,-48312.2210481962,-3167075.792417377
1543,2024-07-23 07:38:40.383561728,156.63152061702752,0.05163140242563056,-48312.236232735275,-3167075.7923435764
1544,2024-07-23 07:48:40.821917696,156.64136014365906,0.0747917610070675,-48312.251309722495,-3167075.792258569
1545,2024-07-23 07:58:41.260273920,156.65117835366874,0.037934686313391176,-48312.26625180076,-3167075.792162333
1546,2024-07-23 08:08:41.698630144,156.66097517833043,0.0343522759827611,-48312.2810316112,-3167075.7920548483
1547,2024-07-23 08:18:42.136986368,156.6707505489223,0.03076986565213103,-48312.29562179492,-3167075.791936095
1548,2024-07-23 08:28:42.575342592,156.68050439672265,0.02718745532150096,-48312.309994993084,-3167075.7918060515
1549,2024-07-23 08:38:43.013698560,156.69023665300546,0.023831847069606005,-48312.324123846774,-3167075.791664699
1550,2024-07-23 08:48:43.452054784,156.69994724931976,0.02387383588110799,-48312.33798103198,-3167075.7915120153
1551,2024-07-23 08:58:43.890411008,156.7096361787562,0.024729860805105783,-48312.351547388695,-3167075.7913479805
1552,2024-07-23 09:08:44.328767232,156.71930357475455,0.025585885729103575,-48312.36482237123,-3167075.7911725743
1553,2024-07-23 09:18:44.767123200,156.72894959021545,0.026441910652736395,-48312.377808015546,-3167075.790985776
1554,2024-07-23 09:28:45.205479424,156.7385743780518,0.027297935576734187,-48312.39050635761,-3167075.7907875646
1555,2024-07-23 09:38:45.643835648,156.74817809116416,0.02815396050073198,-48312.402919433414,-3167075.790577921
1556,2024-07-23 09:48:46.082191872,156.75776088245732,0.029009985424729767,-48312.41504927891,-3167075.7903568246
1557,2024-07-23 09:58:46.520547840,156.76732290483193,0.02986601034836259,-48312.42689793008,-3167075.790124254
1558,2024-07-23 10:08:46.958904064,156.7768643112008,0.030722035272360382,-48312.4384674229,-3167075.7898801886
1559,2024-07-23 10:18:47.397260288,156.7863852544646,0.03157806019635817,-48312.44975979336,-3167075.789624609
1560,2024-07-23 10:28:47.835616512,156.79588588752802,0.03243408512035596,-48312.46077707737,-3167075.7893574936
1561,2024-07-23 10:38:48.273972480,156.80536636329168,0.03329011004398878,-48312.47152131097,-3167075.7890788224
1562,2024-07-23 10:48:48.712328704,156.81482683466857,0.07876615911320844,-48312.481994530106,-3167075.7887885743
1563,2024-07-23 10:58:49.150684928,156.82426745455913,0.0891277915047152,-48312.49219877075,-3167075.788486731
1564,2024-07-23 11:08:49.589041152,156.83368837586826,0.07815350235499989,-48312.502136068884,-3167075.7881732685
1565,2024-07-23 11:18:50.027397376,156.84308975150054,0.07644229266409054,-48312.51180846048,-3167075.78784817
1566,2024-07-23 11:28:50.465753344,156.85247173435675,0.07473108297391078,-48312.521217981484,-3167075.787511412
1567,2024-07-23 11:38:50.904109568,156.86183447734962,0.07341289089465605,-48312.53036666791,-3167075.7871629773
1568,2024-07-23 11:48:51.342465792,156.87117813337986,0.07337970545624359,-48312.53925655571,-3167075.786802841
1569,2024-07-23 11:58:51.780822016,156.88050285535215,0.07333403992594782,-48312.547889680856,-3167075.7864309866
1570,2024-07-23 12:08:52.219177984,156.88980879616722,0.07328837439567153,-48312.55626807932,-3167075.7860473916
1571,2024-07-23 12:18:52.657534208,156.89909610873775,0.07324270886537575,-48312.56439378708,-3167075.785652036
1572,2024-07-23 12:28:53.095890432,156.90836494596456,0.07319704333507998,-48312.57226884011,-3167075.7852448993
1573,2024-07-23 12:38:53.534246656,156.91761546075224,0.07315137780478422,-48312.57989527437,-3167075.784825961
1574,2024-07-23 12:48:53.972602624,156.92684780600166,0.07310571227450792,-48312.587275125865,-3167075.784395201
1575,2024-07-23 12:58:54.410958848,156.93606213462536,0.07306004674421215,-48312.59441043052,-3167075.7839525985
1576,2024-07-23 13:08:54.849315072,156.9452585995241,0.07301438121391639,-48312.60130322436,-3167075.7834981326
1577,2024-07-23 13:18:55.287671296,156.9544373536026,0.07296871568362062,-48312.60795554332,-3167075.783031783
1578,2024-07-23 13:28:55.726027520,156.96359854976563,0.07292305015332486,-48312.614369423376,-3167075.7825535303
1579,2024-07-23 13:38:56.164383488,156.972742340914,0.07287738462304856,-48312.62054690053,-3167075.782063353
1580,2024-07-23 13:48:56.602739712,156.98186887996022,0.0728317190927528,-48312.62649001071,-3167075.78156123
1581,2024-07-23 13:58:57.041095936,156.990978319805,0.07278605356245701,-48312.632200789936,-3167075.781047142
1582,2024-07-23 14:08:57.479452160,157.0000708133532,0.07274038803216125,-48312.63768127415,-3167075.7805210687
1583,2024-07-23 14:18:57.917808128,157.00914651350553,0.07269472250188495,-48312.64293349933,-3167075.7799829887
1584,2024-07-23 14:28:58.356164352,157.01820557317458,0.07264905697158919,-48312.64795950145,-3167075.7794328816
1585,2024-07-23 14:38:58.794520576,157.02724814526113,0.07260339144129342,-48312.652761316494,-3167075.7788707274
1586,2024-07-23 14:48:59.232876800,157.0362743826699,0.07255772591099766,-48312.65734098043,-3167075.7782965056
1587,2024-07-23 14:58:59.671232768,157.04528443830176,0.07251206038072136,-48312.66170052921,-3167075.7777101956
1588,2024-07-23 15:09:00.109588992,157.05427846506907,0.0724663948504256,-48312.66584199884,-3167075.777111776
1589,2024-07-23 15:19:00.547945216,157.06325661587275,0.07242072932012983,-48312.66976742526,-3167075.7765012286
1590,2024-07-23 15:29:00.986301440,157.0722190436175,0.07237506378983406,-48312.67347884448,-3167075.775878531
1591,2024-07-23 15:39:01.424657408,157.0811659012043,0.07232939825955775,-48312.67697829243,-3167075.7752436623
1592,2024-07-23 15:49:01.863013632,157.09009734154534,0.07228373272926199,-48312.680267805124,-3167075.7745966036
1593,2024-07-23 15:59:02.301369856,157.09901351754164,0.07223806719896622,-48312.683349418505,-3167075.7739373343
1594,2024-07-23 16:09:02.739726080,157.1079145820978,0.07219240166867046,-48312.68622516858,-3167075.773265833
1595,2024-07-23 16:19:03.178082304,157.11680068811867,0.07214673613837469,-48312.688897091284,-3167075.7725820797
1596,2024-07-23 16:29:03.616438272,157.12567198850516,0.0721010706080984,-48312.6913672226,-3167075.7718860535
1597,2024-07-23 16:39:04.054794496,157.13452863616942,0.07205761480105655,-48312.693637598524,-3167075.7711777342
1598,2024-07-23 16:49:04.493150720,157.1433707840125,0.0604508711858453,-48312.69571025499,-3167075.7704571015
1599,2024-07-23 16:59:04.931506944,157.1521985849391,0.04738765931887881,-48312.697587227995,-3167075.7697241344
1600,2024-07-23 17:09:05.369862912,157.1610121918502,0.034324447457481894,-48312.69927055352,-3167075.7689788137
1601,2024-07-23 17:19:05.808219136,157.16981175765795,0.021261235590515404,-48312.700762267516,-3167075.7682211176
1602,2024-07-23 17:29:06.246575360,157.17859743526338,0.014683907593397206,-48312.70206440597,-3167075.7674510255
1603,2024-07-23 17:39:06.684931584,157.18736937757114,0.01589110783570649,-48312.70317900485,-3167075.766668519
1604,2024-07-23 17:49:07.123287552,157.1961277374823,0.01709830807750108,-48312.70410810013,-3167075.765873574
1605,2024-07-23 17:59:07.561643776,157.2048726679089,0.01830550831981037,-48312.70485372778,-3167075.765066174
1606,2024-07-23 18:09:08.000000000,157.21360432175211,0.019512708562119657,-48312.70541792379,-3167075.7642462957
1607,2024-07-23 18:19:08.438356224,157.22232285191652,0.020719908804428942,-48312.705802724115,-3167075.763413919
1608,2024-07-23 18:29:08.876712448,157.23102841130688,0.021927109046738228,-48312.70601016473,-3167075.762569025
1609,2024-07-23 18:39:09.315068416,157.2397211528241,0.02313430928853282,-48312.706042281614,-3167075.7617115923
1610,2024-07-23 18:49:09.753424640,157.2484012293805,0.024341509530842104,-48312.705901110734,-3167075.7608415997
1611,2024-07-23 18:59:10.191780864,157.25706879387693,0.025548709773151393,-48312.70558868805,-3167075.759959028
1612,2024-07-23 19:09:10.630137088,157.26572399921818,0.02675591001546068,-48312.70510704957,-3167075.7590638557
1613,2024-07-23 19:19:11.068493056,157.27436699830525,0.02796311025725527,-48312.70445823124,-3167075.7581560626
1614,2024-07-23 19:29:11.506849280,157.28299794405027,0.029170310499564554,-48312.703644269044,-3167075.7572356276
1615,2024-07-23 19:39:11.945205504,157.29161698935422,0.030377510741873844,-48312.702667198944,-3167075.7563025323
1616,2024-07-23 19:49:12.383561728,157.30022428712178,0.031584710984183126,-48312.70152905692,-3167075.755356754
1617,2024-07-23 19:59:12.821917696,157.30881999025408,0.032791911225977716,-48312.700231878945,-3167075.754398274
1618,2024-07-23 20:09:13.260273920,157.31740425166313,0.033999111468287005,-48312.69877770099,-3167075.7534270696
1619,2024-07-23 20:19:13.698630144,157.32597722424995,0.035206311710596294,-48312.697168559025,-3167075.7524431227
1620,2024-07-23 20:29:14.136986368,157.33453906091935,0.03641351195290558,-48312.695406489045,-3167075.7514464105
1621,2024-07-23 20:39:14.575342592,157.34308991457596,0.037620712195214866,-48312.69349352698,-3167075.750436914
1622,2024-07-23 20:49:15.013698560,157.3516299381208,0.038827912437009456,-48312.69143170885,-3167075.7494146135
1623,2024-07-23 20:59:15.452054784,157.36015928446602,0.04003511267931874,-48312.6892230706,-3167075.7483794866
1624,2024-07-23 21:09:15.890411008,157.36867810651262,0.04124231292162803,-48312.686869648205,-3167075.7473315145
1625,2024-07-23 21:19:16.328767232,157.37718655716532,0.042449513163937316,-48312.68437347765,-3167075.7462706757
1626,2024-07-23 21:29:16.767123200,157.38568478932518,0.043656713405731906,-48312.68173659488,-3167075.7451969497
1627,2024-07-23 21:39:17.205479424,157.3941729559042,0.044863913648041195,-48312.67896103591,-3167075.744110316
1628,2024-07-23 21:49:17.643835648,157.4026512098034,0.046071113890350485,-48312.67604883668,-3167075.743010755
1629,2024-07-23 21:59:18.082191872,157.41111970392757,0.04727831413265976,-48312.67300203317,-3167075.741898245
1630,2024-07-23 22:09:18.520547840,157.4195785911778,0.04848551437445435,-48312.66982266136,-3167075.740772766
1631,2024-07-23 22:19:18.958904064,157.42802802446607,0.04969271461676364,-48312.66651275721,-3167075.7396342987
1632,2024-07-23 22:29:19.397260288,157.43646815669334,0.05089991485907293,-48312.66307435672,-3167075.738482821
1633,2024-07-23 22:39:19.835616512,157.4448991407645,0.05210711510138222,-48312.65950949583,-3167075.7373183127
1634,2024-07-23 22:49:20.273972480,157.4533211295806,0.05331431534317681,-48312.655820210544,-3167075.7361407545
1635,2024-07-23 22:59:20.712328704,157.46173427605342,0.0545215155854861,-48312.6520085368,-3167075.7349501243
1636,2024-07-23 23:09:21.150684928,157.4701387330843,0.05572871582779537,-48312.6480765106,-3167075.733746402
1637,2024-07-23 23:19:21.589041152,157.47853465357778,0.05693591607010466,-48312.6440261679,-3167075.732529569
1638,2024-07-23 23:29:22.027397376,157.48692219043872,0.05814311631241395,-48312.63985954469,-3167075.7312996015
1639,2024-07-23 23:39:22.465753344,157.4953014965681,0.05935031655420854,-48312.63557867691,-3167075.7300564824
1640,2024-07-23 23:49:22.904109568,157.5036727248779,0.06055751679651783,-48312.63118560059,-3167075.7288001888
1641,2024-07-23 23:59:23.342465792,157.51203602826925,0.06176471703882712,-48312.62668235165,-3167075.727530701
1642,2024-07-24 00:09:23.780822016,157.52039155964675,0.0629719172811364,-48312.62207096608,-3167075.726247999
1643,2024-07-24 00:19:24.219177984,157.5287394719117,0.064179117522931,-48312.61735347985,-3167075.7249520617
1644,2024-07-24 00:29:24.657534208,157.53707991797594,0.06538631776524027,-48312.61253192895,-3167075.723642869
1645,2024-07-24 00:39:25.095890432,157.5454130507405,0.06659351800754956,-48312.607608349324,-3167075.7223203992
1646,2024-07-24 00:49:25.534246656,157.5537390231102,0.06780071824985885,-48312.60258477697,-3167075.720984634
1647,2024-07-24 00:59:25.972602624,157.56205798798615,0.06900791849165344,-48312.59746324786,-3167075.719635552
1648,2024-07-24 01:09:26.410958848,157.57037009828016,0.07021511873396273,-48312.59224579794,-3167075.718273132
1649,2024-07-24 01:19:26.849315072,157.57867550689343,0.07142231897627202,-48312.58693446322,-3167075.7168973535
1650,2024-07-24 01:29:27.287671296,157.58697436673066,0.0726295192185813,-48312.58153127965,-3167075.7155081974
1651,2024-07-24 01:39:27.726027520,157.5952668306966,0.07330109978089447,-48312.576038283194,-3167075.7141056424
1652,2024-07-24 01:49:28.164383488,157.60355305169227,0.07253948066368664,-48312.57045750985,-3167075.712689668
1653,2024-07-24 01:59:28.602739712,157.6118331826297,0.07177786154615408,-48312.56479099557,-3167075.7112602536
1654,2024-07-24 02:09:29.041095936,157.6201073764099,0.07101624242862152,-48312.559040776345,-3167075.709817379
1655,2024-07-24 02:19:29.479452160,157.62837578593766,0.07025462331108896,-48312.55320888814,-3167075.708361022
1656,2024-07-24 02:29:29.917808128,157.6366385641141,0.06949300419388113,-48312.54729736693,-3167075.7068911656
1657,2024-07-24 02:39:30.356164352,157.64489586385105,0.06873138507634857,-48312.54130824867,-3167075.705407787
1658,2024-07-24 02:49:30.794520576,157.65314783804968,0.06796976595881601,-48312.535243569364,-3167075.703910866
1659,2024-07-24 02:59:31.232876800,157.66139463961468,0.06720814684128346,-48312.529105364956,-3167075.7024003826
1660,2024-07-24 03:09:31.671232768,157.6696364214473,0.06644652772407562,-48312.52289567144,-3167075.700876315
1661,2024-07-24 03:19:32.109588992,157.67787333645924,0.06568490860654307,-48312.51661652477,-3167075.699338644
1662,2024-07-24 03:29:32.547945216,157.68610553755173,0.06492328948901051,-48312.51026996094,-3167075.697787349
1663,2024-07-24 03:39:32.986301440,157.6943331776294,0.06416167037147795,-48312.5038580159,-3167075.6962224096
1664,2024-07-24 03:49:33.424657408,157.70255640959363,0.06340005125427012,-48312.49738272563,-3167075.694643805
1665,2024-07-24 03:59:33.863013632,157.710775386356,0.06263843213673756,-48312.49084612613,-3167075.693051514
1666,2024-07-24 04:09:34.301369856,157.71899026081775,0.061876813019205,-48312.48425025334,-3167075.6914455174
1667,2024-07-24 04:19:34.739726080,157.72720118588364,0.06111519390167244,-48312.477597143254,-3167075.689825794
1668,2024-07-24 04:29:35.178082304,157.73540831445837,0.060353574784139885,-48312.470888831835,-3167075.6881923247
1669,2024-07-24 04:39:35.616438272,157.7436117994431,0.05959195566693205,-48312.46412735504,-3167075.6865450866
1670,2024-07-24 04:49:36.054794496,157.75181179374954,0.058830336549399495,-48312.45731474887,-3167075.68488406
1671,2024-07-24 04:59:36.493150720,157.76000845027903,0.05806871743186694,-48312.450453049285,-3167075.6832092265
1672,2024-07-24 05:09:36.931506944,157.7682019219362,0.05730709831433438,-48312.44354429224,-3167075.6815205636
1673,2024-07-24 05:19:37.369862912,157.77639236162221,0.05654547919712655,-48312.43659051374,-3167075.679818051
1674,2024-07-24 05:29:37.808219136,157.78457992224887,0.05578386007959399,-48312.42959374976,-3167075.678101668
1675,2024-07-24 05:39:38.246575360,157.79276475671736,0.05502224096206143,-48312.42255603623,-3167075.6763713956
1676,2024-07-24 05:49:38.684931584,157.80094701793237,0.05426062184452887,-48312.41547940916,-3167075.674627211
1677,2024-07-24 05:59:39.123287552,157.80912685879514,0.05349900272732104,-48312.40836590452,-3167075.6728690956
1678,2024-07-24 06:09:39.561643776,157.8173044322174,0.05273738360978848,-48312.40121755827,-3167075.671097029
1679,2024-07-24 06:19:40.000000000,157.82547989110034,0.051975764492255924,-48312.39403640639,-3167075.6693109893
1680,2024-07-24 06:29:40.438356224,157.8336533883487,0.051214145374723366,-48312.386824484856,-3167075.667510957
1681,2024-07-24 06:39:40.876712448,157.8418250768671,0.05045252625719081,-48312.37958382963,-3167075.665696911
1682,2024-07-24 06:49:41.315068416,157.8499951095569,0.049690907139982976,-48312.37231647669,-3167075.6638688315
1683,2024-07-24 06:59:41.753424640,157.85816363932975,0.04892928802245042,-48312.36502446201,-3167075.662026698
1684,2024-07-24 07:09:42.191780864,157.86633081908687,0.04816766890491786,-48312.35770982158,-3167075.66017049
1685,2024-07-24 07:19:42.630137088,157.87449680173287,0.0474060497873853,-48312.35037459135,-3167075.6583001856
1686,2024-07-24 07:29:43.068493056,157.88266174016914,0.04664443067017747,-48312.34302080728,-3167075.656415766
1687,2024-07-24 07:39:43.506849280,157.8908257873073,0.04588281155264491,-48312.33565050538,-3167075.654517212
1688,2024-07-24 07:49:43.945205504,157.89898909604855,0.04512119243511235,-48312.3282657216,-3167075.652604499
1689,2024-07-24 07:59:44.383561728,157.90715181929764,0.044359573317579795,-48312.32086849192,-3167075.65067761
1690,2024-07-24 08:09:44.821917696,157.91531410995583,0.04359795420037196,-48312.313460852296,-3167075.6487365235
1691,2024-07-24 08:19:45.260273920,157.92347612093474,0.042836335082839405,-48312.30604483873,-3167075.6467812187
1692,2024-07-24 08:29:45.698630144,157.9316380051356,0.04207471596530685,-48312.29862248719,-3167075.644811675
1693,2024-07-24 08:39:46.136986368,157.9397999154632,0.04131309684777429,-48312.291195833626,-3167075.642827872
1694,2024-07-24 08:49:46.575342592,157.94796200482222,0.04055147773024173,-48312.283766914035,-3167075.64082979
1695,2024-07-24 08:59:47.013698560,157.95612442611383,0.0397898586130339,-48312.27633776436,-3167075.638817408
1696,2024-07-24 09:09:47.452054784,157.96428733224977,0.03902823949550134,-48312.26891042061,-3167075.636790706
1697,2024-07-24 09:19:47.890411008,157.97245087613126,0.03826662037796878,-48312.26148691873,-3167075.634749662
1698,2024-07-24 09:29:48.328767232,157.98061521066302,0.037505001260436224,-48312.25406929471,-3167075.632694258
1699,2024-07-24 09:39:48.767123200,157.98878048874633,0.036743382143228386,-48312.24665958451,-3167075.630624471
1700,2024-07-24 09:49:49.205479424,157.99694686329275,0.035981763025695834,-48312.23925982412,-3167075.628540282
1701,2024-07-24 09:59:49.643835648,158.00511448720357,0.035220143908163276,-48312.231872049495,-3167075.6264416697
1702,2024-07-24 10:09:50.082191872,158.01328351338358,0.03445852479063072,-48312.22449829663,-3167075.6243286137
1703,2024-07-24 10:19:50.520547840,158.02145409473388,0.03369690567342288,-48312.21714060148,-3167075.6222010944
1704,2024-07-24 10:29:50.958904064,158.02962638416625,0.03293528655589033,-48312.20980100001,-3167075.620059091
1705,2024-07-24 10:39:51.397260288,158.03780053458186,0.03217366743835777,-48312.20248152821,-3167075.617902583
1706,2024-07-24 10:49:51.835616512,158.04597669888545,0.03141204832082521,-48312.19518422205,-3167075.615731549
1707,2024-07-24 10:59:52.273972480,158.05415502997832,0.030650429203617373,-48312.18791111749,-3167075.613545969
1708,2024-07-24 11:09:52.712328704,158.06233568077204,0.02988881008608482,-48312.18066425053,-3167075.611345824
1709,2024-07-24 11:19:53.150684928,158.07051880416788,0.029127190968552263,-48312.173445657114,-3167075.6091310913
1710,2024-07-24 11:29:53.589041152,158.0787045530706,0.028365571851019705,-48312.16625737323,-3167075.6069017528
1711,2024-07-24 11:39:54.027397376,158.08689308038487,0.027603952733487147,-48312.15910143485,-3167075.604657785
1712,2024-07-24 11:49:54.465753344,158.09508453901188,0.02684233361627931,-48312.151979877955,-3167075.6023991695
1713,2024-07-24 11:59:54.904109568,158.1032790818634,0.026080714498746757,-48312.14489473849,-3167075.6001258856
1714,2024-07-24 12:09:55.342465792,158.11147686184063,0.0253190953812142,-48312.13784805245,-3167075.5978379124
1715,2024-07-24 12:19:55.780822016,158.1196780318482,0.02455747626368164,-48312.13084185581,-3167075.5955352304
1716,2024-07-24 12:29:56.219177984,158.1278827447875,0.023795857146473802,-48312.123878184524,-3167075.593217817
1717,2024-07-24 12:39:56.657534208,158.13609115357008,0.02303423802894125,-48312.11695907459,-3167075.590885654
1718,2024-07-24 12:49:57.095890432,158.14430341109727,0.022272618911408693,-48312.11008656197,-3167075.5885387203
1719,2024-07-24 12:59:57.534246656,158.15251967027368,0.021510999793876134,-48312.103262682605,-3167075.586176994
1720,2024-07-24 13:09:57.972602624,158.16074008400062,0.020749380676668296,-48312.09648947254,-3167075.583800456
1721,2024-07-24 13:19:58.410958848,158.16896480518977,0.019987761559135744,-48312.08976896769,-3167075.5814090865
1722,2024-07-24 13:29:58.849315072,158.1771939867423,0.019226142441603186,-48312.083103204044,-3167075.579002863
1723,2024-07-24 13:39:59.287671296,158.185427781563,0.018464523324070628,-48312.076494217574,-3167075.5765817664
1724,2024-07-24 13:49:59.726027520,158.19366634255658,0.01770290420653807,-48312.06994404424,-3167075.574145776
1725,2024-07-24 14:00:00.164383488,158.20190982262412,0.01694128508933023,-48312.063454720046,-3167075.5716948714
1726,2024-07-24 14:10:00.602739712,158.2101583746775,0.01617966597179768,-48312.05702828094,-3167075.569229031
1727,2024-07-24 14:20:01.041095936,158.21841215161788,0.015418046854265122,-48312.050666762916,-3167075.5667482363
1728,2024-07-24 14:30:01.479452160,158.22667130634994,0.014656427736732563,-48312.04437220191,-3167075.564252466
1729,2024-07-24 14:40:01.917808128,158.23493599177493,0.013894808619524725,-48312.03814663394,-3167075.561741699
1730,2024-07-24 14:50:02.356164352,158.24320636080455,0.013133189501992173,-48312.03199209494,-3167075.5592159154
1731,2024-07-24 15:00:02.794520576,158.25148256634003,0.012371570384459615,-48312.02591062092,-3167075.5566750946
1732,2024-07-24 15:10:03.232876800,158.25976476128614,0.011609951266927057,-48312.01990424781,-3167075.5541192153
1733,2024-07-24 15:20:03.671232768,158.2680530985439,0.010848332149719225,-48312.01397501163,-3167075.5515482575
1734,2024-07-24 15:30:04.109588992,158.27634773102523,0.010086713032186667,-48312.00812494831,-3167075.548962202
1735,2024-07-24 15:40:04.547945216,158.28464881163126,0.009325093914654109,-48312.00235609385,-3167075.5463610273
1736,2024-07-24 15:50:04.986301440,158.29295649326673,0.00856347479712155,-48311.99667048421,-3167075.543744713
1737,2024-07-24 16:00:05.424657408,158.30127092883282,0.007801855679913719,-48311.991070155374,-3167075.541113238
1738,2024-07-24 16:10:05.863013632,158.30959227124126,0.011251771834794196,-48311.9855571433,-3167075.5384665825
1739,2024-07-24 16:20:06.301369856,158.31792067339325,0.01628294813553259,-48311.98013348398,-3167075.535804726
1740,2024-07-24 16:30:06.739726080,158.32625628819358,0.016424854035072736,-48311.974801213364,-3167075.5331276488
1741,2024-07-24 16:40:07.178082304,158.3345992685469,0.01631970028956951,-48311.96956236744,-3167075.5304353293
1742,2024-07-24 16:50:07.616438272,158.34294976735438,0.01621454654411112,-48311.964418982185,-3167075.527727746
1743,2024-07-24 17:00:08.054794496,158.35130793752785,0.016109392798607895,-48311.95937309357,-3167075.5250048814
1744,2024-07-24 17:10:08.493150720,158.35967393196842,0.01600423905310467,-48311.95442673756,-3167075.522266712
1745,2024-07-24 17:20:08.931506944,158.36804790358087,0.015899085307601445,-48311.949581950124,-3167075.519513219
1746,2024-07-24 17:30:09.369862912,158.37643000526634,0.015793931562143055,-48311.94484076723,-3167075.5167443817
1747,2024-07-24 17:40:09.808219136,158.38482038993664,0.01568877781663983,-48311.94020522488,-3167075.5139601794
1748,2024-07-24 17:50:10.246575360,158.39321921049296,0.015583624071136604,-48311.93567735903,-3167075.5111605916
1749,2024-07-24 18:00:10.684931584,158.40162661984,0.015478470325633379,-48311.93125920565,-3167075.508345599
1750,2024-07-24 18:10:11.123287552,158.4100427708789,0.015373316580174988,-48311.92695280071,-3167075.5055151787
1751,2024-07-24 18:20:11.561643776,158.4184678165215,0.015268162834671762,-48311.922760180205,-3167075.502669312
1752,2024-07-24 18:30:12.000000000,158.42690190966894,0.015163009089168539,-48311.91868338007,-3167075.499807978
1753,2024-07-24 18:40:12.438356224,158.435345203226,0.015057855343665313,-48311.91472443632,-3167075.496931156
1754,2024-07-24 18:50:12.876712448,158.44379785009733,0.014952701598162088,-48311.91088538489,-3167075.494038827
1755,2024-07-24 19:00:13.315068416,158.45226000318405,0.01511437089615702,-48311.907168261765,-3167075.4911309676
1756,2024-07-24 19:10:13.753424640,158.46073181539816,0.02066755062493593,-48311.90357510294,-3167075.48820756
1757,2024-07-24 19:20:14.191780864,158.46921343964067,0.02622073035371484,-48311.900107944355,-3167075.485268582
1758,2024-07-24 19:30:14.630137088,158.47770502881627,0.03177391008249375,-48311.896768822015,-3167075.482314014
1759,2024-07-24 19:40:15.068493056,158.48620673582616,0.037327089808905034,-48311.89355977187,-3167075.4793438357
1760,2024-07-24 19:50:15.506849280,158.49471871358224,0.042880269537683945,-48311.8904828299,-3167075.476358026
1761,2024-07-24 20:00:15.945205504,158.50324111498563,0.048433449266462855,-48311.88754003207,-3167075.4733565645
1762,2024-07-24 20:10:16.383561728,158.51177409294104,0.05398662899524177,-48311.88473341437,-3167075.470339431
1763,2024-07-24 20:20:16.821917696,158.52031780034952,0.059539808721653056,-48311.88206501277,-3167075.4673066055
1764,2024-07-24 20:30:17.260273920,158.52887239012307,0.06509298845043196,-48311.87953686321,-3167075.4642580664
1765,2024-07-24 20:40:17.698630144,158.53743801516273,0.06672775711870743,-48311.87715100171,-3167075.4611937944
1766,2024-07-24 20:50:18.136986368,158.5460148283733,0.061283299884101826,-48311.87490946421,-3167075.458113767
1767,2024-07-24 21:00:18.575342592,158.55460298265947,0.05583884264949622,-48311.872814286704,-3167075.455017966
1768,2024-07-24 21:10:19.013698560,158.56320263092223,0.05039438541721189,-48311.87086750516,-3167075.45190637
1769,2024-07-24 21:20:19.452054784,158.57181392607367,0.04494992818260628,-48311.86907115553,-3167075.448778958
1770,2024-07-24 21:30:19.890411008,158.58043702101486,0.03950547094800068,-48311.86742727382,-3167075.445635711
1771,2024-07-24 21:40:20.328767232,158.58907206865052,0.03406101371339507,-48311.86593789597,-3167075.442476607
1772,2024-07-24 21:50:20.767123200,158.59771922188162,0.028616556481110736,-48311.864605058,-3167075.439301626
1773,2024-07-24 22:00:21.205479424,158.60637863362024,0.024090206261815475,-48311.86343079583,-3167075.436110748
1774,2024-07-24 22:10:21.643835648,158.6150504567675,0.03744857844054065,-48311.86241714546,-3167075.4329039524
1775,2024-07-24 22:20:22.082191872,158.623734844228,0.04664163626138799,-48311.861566142856,-3167075.4296812187
1776,2024-07-24 22:30:22.520547840,158.63243194890288,0.04701486708142935,-48311.86087982399,-3167075.426442525
1777,2024-07-24 22:40:22.958904064,158.64114192370417,0.03215228381565199,-48311.860360221,-3167075.4231878524
1778,2024-07-24 22:50:23.397260288,158.64986492153287,0.028996169750142572,-48311.860007997006,-3167075.41991718
1779,2024-07-24 23:00:23.835616512,158.65860109529373,0.024337385400141784,-48311.85982042515,-3167075.4166304884
1780,2024-07-24 23:10:24.273972480,158.66735059788778,0.019609752188910864,-48311.859794263066,-3167075.4133277554
1781,2024-07-24 23:20:24.712328704,158.67611358222712,0.02440904234653074,-48311.85992626835,-3167075.410008961
1782,2024-07-24 23:30:25.150684928,158.68489020121274,0.02852622031272642,-48311.86021319862,-3167075.4066740847
1783,2024-07-24 23:40:25.589041152,158.6936806077494,0.0326433982789221,-48311.860651811476,-3167075.4033231065
1784,2024-07-24 23:50:26.027397376,158.7024849547418,0.036760576245117776,-48311.86123886454,-3167075.3999560056
1785,2024-07-25 00:00:26.465753344,158.7113033950909,0.04087775420955808,-48311.861971115424,-3167075.396572762
1786,2024-07-25 00:10:26.904109568,158.72013608170892,0.04499493217575376,-48311.862845321724,-3167075.393173354
1787,2024-07-25 00:20:27.342465792,158.72898316749675,0.04911211014194944,-48311.86385824106,-3167075.3897577627
1788,2024-07-25 00:30:27.780822016,158.73784480535926,0.05322928810814512,-48311.86500663104,-3167075.3863259666
1789,2024-07-25 00:40:28.219177984,158.7467211481972,0.057346466072585416,-48311.86628724925,-3167075.382877946
1790,2024-07-25 00:50:28.657534208,158.75561234892302,0.061463644038781094,-48311.86769685335,-3167075.3794136783
1791,2024-07-25 01:00:29.095890432,158.76451856043755,0.06558082200497678,-48311.869232200894,-3167075.3759331466
1792,2024-07-25 01:10:29.534246656,158.7734399356455,0.06969799997117246,-48311.87089004953,-3167075.3724363274
1793,2024-07-25 01:20:29.972602624,158.78237662744786,0.07381517793561276,-48311.872667156844,-3167075.3689232003
1794,2024-07-25 01:30:30.410958848,158.7913287887569,0.07793235590180844,-48311.87456028049,-3167075.3653937476
1795,2024-07-25 01:40:30.849315072,158.80029657247348,0.08204953386800412,-48311.87656617802,-3167075.3618479455
1796,2024-07-25 01:50:31.287671296,158.80928013150242,0.0861667118341998,-48311.87868160707,-3167075.3582857763
1797,2024-07-25 02:00:31.726027520,158.81827961874836,0.09028388980039548,-48311.88090332526,-3167075.3547072173
1798,2024-07-25 02:10:32.164383488,158.8272951871122,0.09440106776483577,-48311.88322809017,-3167075.3511122493
1799,2024-07-25 02:20:32.602739712,158.8363269895064,0.09851824573103145,-48311.88565265944,-3167075.3475008514
1800,2024-07-25 02:30:33.041095936,158.84537517883166,0.09399738542655595,-48311.88817379067,-3167075.343873004
1801,2024-07-25 02:40:33.479452160,158.85443990799286,0.07023580432947205,-48311.890788241464,-3167075.3402286842
1802,2024-07-25 02:50:33.917808128,158.86352132989077,0.04647422324251903,-48311.89349276941,-3167075.336567874
1803,2024-07-25 03:00:34.356164352,158.87261959743788,0.02870236904498036,-48311.89628413217,-3167075.3328905525
1804,2024-07-25 03:10:34.794520576,158.881734863535,0.058600518787683936,-48311.899159087305,-3167075.3291966976
1805,2024-07-25 03:20:35.232876800,158.89086728108688,0.04317225038681462,-48311.90211439247,-3167075.3254862907
1806,2024-07-25 03:30:35.671232768,158.90001700299433,0.02423607619226564,-48311.90514680524,-3167075.3217593115
1807,2024-07-25 03:40:36.109588992,158.90918418216978,0.02998880674000874,-48311.90825308323,-3167075.318015737
1808,2024-07-25 03:50:36.547945216,158.91836897151418,0.03574153728775185,-48311.911429984066,-3167075.31425555
1809,2024-07-25 04:00:36.986301440,158.92757152393216,0.04149426783549495,-48311.91467426534,-3167075.310478727
1810,2024-07-25 04:10:37.424657408,158.9367919923245,0.047246998380785346,-48311.91798268467,-3167075.3066852493
1811,2024-07-25 04:20:37.863013632,158.94603052960383,0.052999728928528445,-48311.92135199966,-3167075.302875097
1812,2024-07-25 04:30:38.301369856,158.95528728867092,0.05875245947627156,-48311.92477896793,-3167075.299048247
1813,2024-07-25 04:40:38.739726080,158.96456242243045,0.05779893259001012,-48311.928260347064,-3167075.2952046823
1814,2024-07-25 04:50:39.178082304,158.97385608378715,0.053989244233380675,-48311.931792894706,-3167075.291344379
1815,2024-07-25 05:00:39.616438272,158.9831684256418,0.0501795558783755,-48311.93537336844,-3167075.2874673186
1816,2024-07-25 05:10:40.054794496,158.99249960090694,0.046484422395963794,-48311.9389985259,-3167075.2835734803
1817,2024-07-25 05:20:40.493150720,159.00184976248346,0.09129718320427357,-48311.942665124654,-3167075.279662844
1818,2024-07-25 05:30:40.931506944,159.01121906327603,0.056770429155722876,-48311.946369922356,-3167075.2757353876
1819,2024-07-25 05:40:41.369862912,159.0206076561853,0.04722985253748395,-48311.95010967662,-3167075.271791093
1820,2024-07-25 05:50:41.808219136,159.03001569412407,0.06159390343242045,-48311.953881145004,-3167075.2678299383
1821,2024-07-25 06:00:42.246575360,159.039443329993,0.06450182538090934,-48311.95768108516,-3167075.263851903
1822,2024-07-25 06:10:42.684931584,159.0488907166968,0.06375459143921734,-48311.96150625469,-3167075.2598569677
1823,2024-07-25 06:20:43.123287552,159.0583580071362,0.0630073574978439,-48311.96535341118,-3167075.25584511
1824,2024-07-25 06:30:43.561643776,159.067845354224,0.062260123556151896,-48311.96921931227,-3167075.2518163105
1825,2024-07-25 06:40:44.000000000,159.07735291086075,0.06151288961445989,-48311.97310071555,-3167075.247770549
1826,2024-07-25 06:50:44.438356224,159.08688082995127,0.06076565567276787,-48311.97699437866,-3167075.2437078054
1827,2024-07-25 07:00:44.876712448,159.09642926440029,0.06001842173107586,-48311.98089705918,-3167075.239628057
1828,2024-07-25 07:10:45.315068416,159.10599836710838,0.05927118778970244,-48311.98480551472,-3167075.235531286
1829,2024-07-25 07:20:45.753424640,159.11558829098846,0.05852395384801042,-48311.98871650289,-3167075.2314174706
1830,2024-07-25 07:30:46.191780864,159.12519918894117,0.05777671990631841,-48311.99262678133,-3167075.22728659
1831,2024-07-25 07:40:46.630137088,159.13483121387117,0.0570294859646264,-48311.99653310761,-3167075.2231386253
1832,2024-07-25 07:50:47.068493056,159.14448451867906,0.056282252023252974,-48312.000432239365,-3167075.2189735537
1833,2024-07-25 08:00:47.506849280,159.15415925627792,0.05553501808156096,-48312.00432093419,-3167075.2147913575
1834,2024-07-25 08:10:47.945205504,159.16385557956818,0.05478778413986895,-48312.008195949704,-3167075.210592014
1835,2024-07-25 08:20:48.383561728,159.17357364145465,0.05404055019817694,-48312.012054043495,-3167075.2063755044
1836,2024-07-25 08:30:48.821917696,159.1833135948378,0.05329331625680351,-48312.015891973206,-3167075.2021418056
1837,2024-07-25 08:40:49.260273920,159.19307559263078,0.0525460823151115,-48312.01970649643,-3167075.197890899
1838,2024-07-25 08:50:49.698630144,159.2028597877341,0.051798848373419484,-48312.023494370784,-3167075.193622765
1839,2024-07-25 09:00:50.136986368,159.21266633305243,0.051051614431727475,-48312.02725235386,-3167075.189337381
1840,2024-07-25 09:10:50.575342592,159.22249538149052,0.05030438049003546,-48312.03097720329,-3167075.1850347267
1841,2024-07-25 09:20:51.013698560,159.23234708594885,0.049557146548662036,-48312.034665676656,-3167075.1807147847
1842,2024-07-25 09:30:51.452054784,159.2422215993406,0.04880991260697003,-48312.0383145316,-3167075.1763775307
1843,2024-07-25 09:40:51.890411008,159.25211907456628,0.04806267866527801,-48312.04192052573,-3167075.1720229457
1844,2024-07-25 09:50:52.328767232,159.26203966453053,0.047315444723585995,-48312.045480416615,-3167075.16765101
1845,2024-07-25 10:00:52.767123200,159.27198352213387,0.04656821078221257,-48312.04899096189,-3167075.1632617027
1846,2024-07-25 10:10:53.205479424,159.2819508002895,0.045820976840520555,-48312.05244891918,-3167075.158855002
1847,2024-07-25 10:20:53.643835648,159.29194165189793,0.045073742898828546,-48312.05585104608,-3167075.1544308895
1848,2024-07-25 10:30:54.082191872,159.30195622986383,0.04432650895713654,-48312.05919410019,-3167075.1499893432
1849,2024-07-25 10:40:54.520547840,159.3119946870876,0.043579275015763114,-48312.06247483914,-3167075.145530344
1850,2024-07-25 10:50:54.958904064,159.3220571764826,0.0428320410740711,-48312.06569002053,-3167075.1410538694
1851,2024-07-25 11:00:55.397260288,159.33214385094914,0.04208480713237908,-48312.068836401966,-3167075.1365599
1852,2024-07-25 11:10:55.835616512,159.34225486339207,0.04133757319068707,-48312.07191074106,-3167075.132048416
1853,2024-07-25 11:20:56.273972480,159.35239036671172,0.04059033924931364,-48312.07490979542,-3167075.1275193957
1854,2024-07-25 11:30:56.712328704,159.36255051382142,0.03984310530762163,-48312.07783032266,-3167075.1229728204
1855,2024-07-25 11:40:57.150684928,159.37273545762167,0.039095871365929624,-48312.0806690804,-3167075.118408668
1856,2024-07-25 11:50:57.589041152,159.38294535101704,0.03834863742423761,-48312.08342282622,-3167075.113826918
1857,2024-07-25 12:00:58.027397376,159.39318034691235,0.03760140348254559,-48312.08608831776,-3167075.1092275507
1858,2024-07-25 12:10:58.465753344,159.4034405982079,0.03685416954117217,-48312.08866231261,-3167075.104610545
1859,2024-07-25 12:20:58.904109568,159.4137262578172,0.03610693559948016,-48312.091141568395,-3167075.0999758807
1860,2024-07-25 12:30:59.342465792,159.42403747864049,0.03535970165778815,-48312.09352284271,-3167075.095323538
1861,2024-07-25 12:40:59.780822016,159.4343744135826,0.034612467716096135,-48312.09580289315,-3167075.0906534945
1862,2024-07-25 12:51:00.219177984,159.44473721554374,0.03386523377472271,-48312.09797847738,-3167075.085965732
1863,2024-07-25 13:01:00.657534208,159.4551260374375,0.03189990772650853,-48312.10004635295,-3167075.0812602295
1864,2024-07-25 13:11:01.095890432,159.46554103216417,0.024574793861327278,-48312.10200327751,-3167075.0765369646
1865,2024-07-25 13:21:01.534246656,159.47598235262848,0.017249679996146027,-48312.10384600866,-3167075.0717959194
1866,2024-07-25 13:31:01.972602624,159.48645015173062,0.010424415912941205,-48312.105571304,-3167075.067037072
1867,2024-07-25 13:41:02.410958848,159.49694458238432,0.010424415912941205,-48312.10717592112,-3167075.062260402
1868,2024-07-25 13:51:02.849315072,159.50746579748977,0.011454102019739076,-48312.10865661768,-3167075.0574658886
1869,2024-07-25 14:01:03.287671296,159.51801394995175,0.012885765824252287,-48312.11001015124,-3167075.052653513
1870,2024-07-25 14:11:03.726027520,159.52858919267484,0.014317429628765498,-48312.11123327946,-3167075.047823253
1871,2024-07-25 14:21:04.164383488,159.5391916785594,0.015749093432668313,-48312.1123227599,-3167075.0429750886
1872,2024-07-25 14:31:04.602739712,159.5498215605191,0.017180757237181522,-48312.1132753502,-3167075.0381089994
1873,2024-07-25 14:41:05.041095936,159.5604789914541,0.018612421041694735,-48312.11408780796,-3167075.033224965
1874,2024-07-25 14:51:05.479452160,159.57116412426922,0.020044084846207948,-48312.114756890805,-3167075.028322965
1875,2024-07-25 15:01:05.917808128,159.58187711186446,0.02147574865011076,-48312.11527935631,-3167075.023402978
1876,2024-07-25 15:11:06.356164352,159.59261810715384,0.022907412454623972,-48312.11565196212,-3167075.018464986
1877,2024-07-25 15:21:06.794520576,159.60338726303735,0.02433907625913718,-48312.11587146583,-3167075.013508965
1878,2024-07-25 15:31:07.232876800,159.6141847324198,0.02577074006365039,-48312.11593462504,-3167075.008534897
1879,2024-07-25 15:41:07.671232768,159.6250106682013,0.027202403867553206,-48312.11583819738,-3167075.003542761
1880,2024-07-25 15:51:08.109588992,159.63586522329572,0.02863406767206642,-48312.115578940444,-3167074.9985325364
1881,2024-07-25 16:01:08.547945216,159.6467485506032,0.030065731476579628,-48312.11515361184,-3167074.993504202
1882,2024-07-25 16:11:08.986301440,159.6576608030285,0.03149739528109284,-48312.114558969195,-3167074.9884577394
1883,2024-07-25 16:21:09.424657408,159.6686021334716,0.03292905908499565,-48312.11379177011,-3167074.9833931257
1884,2024-07-25 16:31:09.863013632,159.67957269484654,0.034360722889508866,-48312.11284877219,-3167074.978310341
1885,2024-07-25 16:41:10.301369856,159.69057264005343,0.03579238669402208,-48312.111726733034,-3167074.973209366
1886,2024-07-25 16:51:10.739726080,159.70160212199696,0.03722405049853529,-48312.110422410275,-3167074.968090179
1887,2024-07-25 17:01:11.178082304,159.71266129358182,0.0386557143030485,-48312.108932561525,-3167074.962952761
1888,2024-07-25 17:11:11.616438272,159.72375030770803,0.03998814935560793,-48312.10725394437,-3167074.9577970896
1889,2024-07-25 17:21:12.054794496,159.7348693172897,0.03998814935560793,-48312.10538331643,-3167074.952623145
1890,2024-07-25 17:31:12.493150720,159.74601847522692,0.04288696183367866,-48312.10331743531,-3167074.9474309087
1891,2024-07-25 17:41:12.931506944,159.75719793442434,0.0470760999610298,-48312.101053058635,-3167074.9422203572
1892,2024-07-25 17:51:13.369862912,159.7684078477819,0.05126523808659488,-48312.098586944,-3167074.936991472
1893,2024-07-25 18:01:13.808219136,159.77964836821388,0.05545437621394603,-48312.09591584903,-3167074.9317442304
1894,2024-07-25 18:11:14.246575360,159.79091964862016,0.059643514341297166,-48312.0930365313,-3167074.9264786155
1895,2024-07-25 18:21:14.684931584,159.80222184190558,0.0638326524686483,-48312.08994574846,-3167074.9211946037
1896,2024-07-25 18:31:15.123287552,159.81355510096992,0.0680217905942134,-48312.08664025811,-3167074.9158921754
1897,2024-07-25 18:41:15.561643776,159.8249195787276,0.07221092872156454,-48312.08311681785,-3167074.9105713107
1898,2024-07-25 18:51:16.000000000,159.83631542807845,0.07617680925938017,-48312.07937218528,-3167074.9052319885
